,From,To,Dist,SourceStartWindow,SourceEndWindow,DestStartWindow,DestEndWindow,ServiceTime,LoadChange
0,0.0,40.2,120.13829364528198,0,0,815,1010,32,-5250
1,0.0,18.0,45.78482718106513,0,0,834,973,62,-10250
2,0.0,17.0,40.11067189664117,0,0,21,258,27,4000
3,0.0,16.0,84.675427958765,0,0,94,221,48,7500
4,0.0,15.0,96.48365250134346,0,0,1046,1313,55,-9750
5,0.0,14.0,109.91252931308605,0,0,4,189,27,4500
6,0.0,13.0,36.774731814113885,0,0,1136,1328,34,-3000
7,0.0,12.0,63.024009710585695,0,0,696,809,20,3250
8,0.0,11.0,124.754074883348,0,0,277,340,20,2500
9,0.0,10.0,90.23110771790402,0,0,1108,1187,13,-2000
10,0.0,9.0,111.4120038415969,0,0,1024,1143,13,-2000
11,0.0,8.0,33.16940909934936,0,0,500,627,62,9500
12,0.0,7.0,103.46128937916828,0,0,1026,1105,6,-750
13,0.0,6.0,90.52579356183517,0,0,161,253,20,3250
14,0.0,5.0,60.07477756929276,0,0,596,698,13,1500
15,0.0,4.0,122.10247868081957,0,0,1229,1312,69,-12500
16,0.0,3.0,82.059674018363,0,0,1055,1136,34,-5500
17,0.0,2.0,21.904853343494448,0,0,1318,1433,20,-3250
18,0.0,19.0,105.50049194198101,0,0,735,816,62,-10750
19,0.0,1.0,97.02712198143364,0,0,162,234,13,5000
20,0.0,20.0,123.08707365113527,0,0,326,485,41,7000
21,0.0,22.0,81.76784942751031,0,0,962,1262,27,-4750
22,0.0,39.0,25.005953291166488,0,0,353,577,48,8750
23,0.0,38.0,67.38408417423211,0,0,764,965,55,-8750
24,0.0,37.0,60.47843417285206,0,0,67,292,34,5750
25,0.0,36.0,103.79829382027432,0,0,968,1144,13,-2000
26,0.0,35.0,90.84603733790483,0,0,423,642,13,1500
27,0.0,34.0,89.80428720278336,0,0,1125,1269,6,-1250
28,0.0,33.0,63.227098620765446,0,0,438,626,20,3250
29,0.0,32.0,51.10376600603912,0,0,839,1019,69,-12000
30,0.0,31.0,90.07876775356111,0,0,967,1073,48,-8250
31,0.0,30.0,126.76402683726957,0,0,221,429,20,3250
32,0.0,29.0,86.87040750451214,0,0,873,985,62,-11000
33,0.0,28.0,88.30458312001704,0,0,449,644,20,3750
34,0.0,27.0,81.6272319756097,0,0,320,400,13,2500
35,0.0,26.0,38.93086821533782,0,0,99,213,48,7500
36,0.0,25.0,24.29322539310085,0,0,805,1057,62,-11250
37,0.0,24.0,107.38065794173548,0,0,1178,1251,41,-6750
38,0.0,23.0,50.604234012580406,0,0,1200,1320,41,-6500
39,0.0,21.0,118.89792134431956,0,0,1037,1341,62,-10000
40,0.0,40.1,120.13829364528198,0,0,815,1010,32,-5250
41,1.0,2.0,111.90287306409967,162,234,1318,1433,20,-3250
42,1.0,0.0,97.02712198143364,162,234,0,0,0,0
43,1.0,20.0,207.51049250580076,162,234,326,485,41,7000
44,1.0,19.0,183.77459291207805,162,234,735,816,62,-10750
45,1.0,18.0,126.15754277886045,162,234,834,973,62,-10250
46,1.0,17.0,56.93822968796976,162,234,21,258,27,4000
47,1.0,16.0,178.47068806949784,162,234,94,221,48,7500
48,1.0,15.0,106.36130499387454,162,234,1046,1313,55,-9750
49,1.0,14.0,98.32492308667219,162,234,4,189,27,4500
50,1.0,13.0,65.68780175953525,162,234,1136,1328,34,-3000
51,1.0,12.0,153.03872516458048,162,234,696,809,20,3250
52,1.0,11.0,197.15081333841866,162,234,277,340,20,2500
53,1.0,10.0,105.66017225047477,162,234,1108,1187,13,-2000
54,1.0,9.0,195.75930782468558,162,234,1024,1143,13,-2000
55,1.0,8.0,64.15302409084082,162,234,500,627,62,9500
56,1.0,7.0,154.13189676377826,162,234,1026,1105,6,-750
57,1.0,6.0,147.02045061827283,162,234,161,253,20,3250
58,1.0,5.0,125.28700052279966,162,234,596,698,13,1500
59,1.0,4.0,195.0775766201744,162,234,1229,1312,69,-12500
60,1.0,21.0,186.98878174906642,162,234,1037,1341,62,-10000
61,1.0,3.0,178.86468768317576,162,234,1055,1136,34,-5500
62,1.0,22.0,155.8319158580809,162,234,962,1262,27,-4750
63,1.0,24.0,75.81752897582459,162,234,1178,1251,41,-6750
64,1.0,40.2,198.37632923310179,162,234,815,1010,32,-5250
65,1.0,40.1,198.37632923310179,162,234,815,1010,32,-5250
66,1.0,39.0,75.16678588312793,162,234,353,577,48,8750
67,1.0,38.0,69.362298116484,162,234,764,965,55,-8750
68,1.0,37.0,37.36292547432549,162,234,67,292,34,5750
69,1.0,36.0,154.75588841785634,162,234,968,1144,13,-2000
70,1.0,35.0,101.86174993588124,162,234,423,642,13,1500
71,1.0,34.0,186.60999866030758,162,234,1125,1269,6,-1250
72,1.0,33.0,160.0847388104188,162,234,438,626,20,3250
73,1.0,32.0,57.01545492232786,162,234,839,1019,69,-12000
74,1.0,31.0,177.47276636149,162,234,967,1073,48,-8250
75,1.0,30.0,210.58974167798397,162,234,221,429,20,3250
76,1.0,29.0,145.73172509786605,162,234,873,985,62,-11000
77,1.0,28.0,185.32079915648973,162,234,449,644,20,3750
78,1.0,27.0,25.04671235911013,162,234,320,400,13,2500
79,1.0,26.0,101.88699082807383,162,234,99,213,48,7500
80,1.0,25.0,120.25776648516303,162,234,805,1057,62,-11250
81,1.0,23.0,104.44176415591609,162,234,1200,1320,41,-6500
82,2.0,1.0,111.90287306409967,1318,1433,162,234,13,5000
83,2.0,3.0,68.70205600999142,1318,1433,1055,1136,34,-5500
84,2.0,0.0,21.904853343494448,1318,1433,0,0,0,0
85,2.0,19.0,83.61351565387021,1318,1433,735,816,62,-10750
86,2.0,18.0,24.33345433759868,1318,1433,834,973,62,-10250
87,2.0,17.0,56.65401133194365,1318,1433,21,258,27,4000
88,2.0,16.0,81.21860932077082,1318,1433,94,221,48,7500
89,2.0,15.0,117.78873036076075,1318,1433,1046,1313,55,-9750
90,2.0,14.0,105.1764274920954,1318,1433,4,189,27,4500
91,2.0,13.0,46.814678253727216,1318,1433,1136,1328,34,-3000
92,2.0,20.0,125.42018378235618,1318,1433,326,485,41,7000
93,2.0,12.0,42.55131960350936,1318,1433,696,809,20,3250
94,2.0,10.0,111.38286133871765,1318,1433,1108,1187,13,-2000
95,2.0,9.0,114.32408845033491,1318,1433,1024,1143,13,-2000
96,2.0,8.0,50.95892561661794,1318,1433,500,627,62,9500
97,2.0,7.0,84.69234321944339,1318,1433,1026,1105,6,-750
98,2.0,6.0,105.59585834681207,1318,1433,161,253,20,3250
99,2.0,5.0,41.258047699812465,1318,1433,596,698,13,1500
100,2.0,4.0,100.22887059126228,1318,1433,1229,1312,69,-12500
101,2.0,11.0,102.89005102535424,1318,1433,277,340,20,2500
102,2.0,21.0,97.29045431079042,1318,1433,1037,1341,62,-10000
103,2.0,22.0,60.09486666929213,1318,1433,962,1262,27,-4750
104,2.0,32.0,71.66595077161817,1318,1433,839,1019,69,-12000
105,2.0,40.1,98.28336278333174,1318,1433,815,1010,32,-5250
106,2.0,39.0,45.66038217098057,1318,1433,353,577,48,8750
107,2.0,38.0,68.10396317395927,1318,1433,764,965,55,-8750
108,2.0,37.0,77.31660106341975,1318,1433,67,292,34,5750
109,2.0,36.0,84.95741286079749,1318,1433,968,1144,13,-2000
110,2.0,35.0,112.24324879474933,1318,1433,423,642,13,1500
111,2.0,34.0,80.15303986749348,1318,1433,1125,1269,6,-1250
112,2.0,33.0,54.562032586772276,1318,1433,438,626,20,3250
113,2.0,23.0,70.15448168150057,1318,1433,1200,1320,41,-6500
114,2.0,40.2,98.28336278333174,1318,1433,815,1010,32,-5250
115,2.0,30.0,129.29418277710718,1318,1433,221,429,20,3250
116,2.0,29.0,101.60003986219691,1318,1433,873,985,62,-11000
117,2.0,28.0,76.28988137361335,1318,1433,449,644,20,3750
118,2.0,27.0,93.16336833756067,1318,1433,320,400,13,2500
119,2.0,26.0,58.38659178270299,1318,1433,99,213,48,7500
120,2.0,25.0,26.833594615705145,1318,1433,805,1057,62,-11250
121,2.0,24.0,129.07910791448785,1318,1433,1178,1251,41,-6750
122,2.0,31.0,69.13406830210413,1318,1433,967,1073,48,-8250
123,3.0,2.0,68.70205600999142,1055,1136,1318,1433,20,-3250
124,3.0,1.0,178.86468768317576,1055,1136,162,234,13,5000
125,3.0,4.0,91.96328071572914,1055,1136,1229,1312,69,-12500
126,3.0,23.0,104.95911013342291,1055,1136,1200,1320,41,-6500
127,3.0,20.0,87.1509150841229,1055,1136,326,485,41,7000
128,3.0,19.0,73.57503992523552,1055,1136,735,816,62,-10750
129,3.0,18.0,66.87090922067681,1055,1136,834,973,62,-10250
130,3.0,17.0,122.0951370857988,1055,1136,21,258,27,4000
131,3.0,16.0,39.604292696625706,1055,1136,94,221,48,7500
132,3.0,15.0,154.04658548633918,1055,1136,1046,1313,55,-9750
133,3.0,14.0,165.13389536978772,1055,1136,4,189,27,4500
134,3.0,21.0,97.84210238951327,1055,1136,1037,1341,62,-10000
135,3.0,13.0,115.14341752788128,1055,1136,1136,1328,34,-3000
136,3.0,11.0,94.52310881472319,1055,1136,277,340,20,2500
137,3.0,10.0,147.0722043759459,1055,1136,1108,1187,13,-2000
138,3.0,9.0,80.28373247426904,1055,1136,1024,1143,13,-2000
139,3.0,8.0,115.22823699076541,1055,1136,500,627,62,9500
140,3.0,7.0,112.7381235430145,1055,1136,1026,1105,6,-750
141,3.0,6.0,114.02382996549449,1055,1136,161,253,20,3250
142,3.0,5.0,84.4696987090637,1055,1136,596,698,13,1500
143,3.0,12.0,40.88304416258652,1055,1136,696,809,20,3250
144,3.0,22.0,73.38864012910989,1055,1136,962,1262,27,-4750
145,3.0,0.0,82.059674018363,1055,1136,0,0,0,0
146,3.0,33.0,23.440966277011704,1055,1136,438,626,20,3250
147,3.0,38.0,134.83331672847035,1055,1136,764,965,55,-8750
148,3.0,37.0,142.53807666725405,1055,1136,67,292,34,5750
149,3.0,36.0,112.57281421373456,1055,1136,968,1144,13,-2000
150,3.0,35.0,149.9247824744128,1055,1136,423,642,13,1500
151,3.0,34.0,18.60815143962452,1055,1136,1125,1269,6,-1250
152,3.0,24.0,179.5995172599303,1055,1136,1178,1251,41,-6750
153,3.0,32.0,130.84234788477315,1055,1136,839,1019,69,-12000
154,3.0,31.0,46.97325728539592,1055,1136,967,1073,48,-8250
155,3.0,30.0,90.88748648741476,1055,1136,221,429,20,3250
156,3.0,29.0,109.80627759832313,1055,1136,873,985,62,-11000
157,3.0,28.0,9.1292113569574,1055,1136,449,644,20,3750
158,3.0,27.0,161.56499528053718,1055,1136,320,400,13,2500
159,3.0,26.0,96.68146978609705,1055,1136,99,213,48,7500
160,3.0,25.0,60.84731136213004,1055,1136,805,1057,62,-11250
161,3.0,40.2,81.54279183349071,1055,1136,815,1010,32,-5250
162,3.0,39.0,105.96009154393931,1055,1136,353,577,48,8750
163,3.0,40.1,81.54279183349071,1055,1136,815,1010,32,-5250
164,4.0,2.0,100.22887059126228,1229,1312,1318,1433,20,-3250
165,4.0,3.0,91.96328071572914,1229,1312,1055,1136,34,-5500
166,4.0,5.0,70.22184417971377,1229,1312,596,698,13,1500
167,4.0,1.0,195.0775766201744,1229,1312,162,234,13,5000
168,4.0,7.0,52.063869429768665,1229,1312,1026,1105,6,-750
169,4.0,24.0,228.3515780545429,1229,1312,1178,1251,41,-6750
170,4.0,23.0,168.10482265538963,1229,1312,1200,1320,41,-6500
171,4.0,22.0,41.04857244777217,1229,1312,962,1262,27,-4750
172,4.0,21.0,12.543077772221613,1229,1312,1037,1341,62,-10000
173,4.0,20.0,179.08056790171287,1229,1312,326,485,41,7000
174,4.0,19.0,19.16366614194685,1229,1312,735,816,62,-10750
175,4.0,18.0,76.67831831750094,1229,1312,834,973,62,-10250
176,4.0,25.0,117.56627960431513,1229,1312,805,1057,62,-11250
177,4.0,17.0,149.64727094070244,1229,1312,21,258,27,4000
178,4.0,15.0,217.38496843158225,1229,1312,1046,1313,55,-9750
179,4.0,14.0,131.9568899300071,1229,1312,4,189,27,4500
180,4.0,13.0,133.56275079527225,1229,1312,1136,1328,34,-3000
181,4.0,12.0,66.27527517860638,1229,1312,696,809,20,3250
182,4.0,11.0,2.7910034037958464,1229,1312,277,340,20,2500
183,4.0,10.0,210.78489912704848,1229,1312,1108,1187,13,-2000
184,4.0,9.0,172.12027916547197,1229,1312,1024,1143,13,-2000
185,4.0,16.0,131.04834604068836,1229,1312,94,221,48,7500
186,4.0,6.0,194.22550707875627,1229,1312,161,253,20,3250
187,4.0,26.0,156.69149562117275,1229,1312,99,213,48,7500
188,4.0,27.0,171.0454410383393,1229,1312,320,400,13,2500
189,4.0,0.0,122.10247868081957,1229,1312,0,0,0,0
190,4.0,40.2,13.395495511551637,1229,1312,815,1010,32,-5250
191,4.0,40.1,13.395495511551637,1229,1312,815,1010,32,-5250
192,4.0,39.0,144.41988782712718,1229,1312,353,577,48,8750
193,4.0,38.0,128.57626569472302,1229,1312,764,965,55,-8750
194,4.0,37.0,168.22438735213154,1229,1312,67,292,34,5750
195,4.0,35.0,211.99158143662214,1229,1312,423,642,13,1500
196,4.0,36.0,51.44142396940427,1229,1312,968,1144,13,-2000
197,4.0,33.0,105.73711789149542,1229,1312,438,626,20,3250
198,4.0,32.0,169.28763983232798,1229,1312,839,1019,69,-12000
199,4.0,31.0,45.36571943659661,1229,1312,967,1073,48,-8250
200,4.0,30.0,182.78552294971283,1229,1312,221,429,20,3250
201,4.0,29.0,189.89160381649316,1229,1312,873,985,62,-11000
202,4.0,28.0,99.14868884660049,1229,1312,449,644,20,3750
203,4.0,34.0,109.8329863929776,1229,1312,1125,1269,6,-1250
204,4.0,8.0,146.2545999276604,1229,1312,500,627,62,9500
205,5.0,3.0,84.4696987090637,596,698,1055,1136,34,-5500
206,5.0,1.0,125.28700052279966,596,698,162,234,13,5000
207,5.0,6.0,146.7749685743451,596,698,161,253,20,3250
208,5.0,0.0,60.07477756929276,596,698,0,0,0,0
209,5.0,21.0,63.566980422228646,596,698,1037,1341,62,-10000
210,5.0,20.0,158.8750955939917,596,698,326,485,41,7000
211,5.0,19.0,58.68935593444522,596,698,735,816,62,-10750
212,5.0,18.0,20.731524304787623,596,698,834,973,62,-10250
213,5.0,17.0,80.25672868987373,596,698,21,258,27,4000
214,5.0,16.0,110.7778407444377,596,698,94,221,48,7500
215,5.0,15.0,155.98842809644566,596,698,1046,1313,55,-9750
216,5.0,14.0,81.68503534919968,596,698,4,189,27,4500
217,5.0,13.0,63.557043669447054,596,698,1136,1328,34,-3000
218,5.0,12.0,44.07533210311637,596,698,696,809,20,3250
219,5.0,11.0,72.46419598670781,596,698,277,340,20,2500
220,5.0,10.0,149.94101673658213,596,698,1108,1187,13,-2000
221,5.0,9.0,148.66877984297847,596,698,1024,1143,13,-2000
222,5.0,8.0,77.70200126122879,596,698,500,627,62,9500
223,5.0,7.0,43.559408857329544,596,698,1026,1105,6,-750
224,5.0,22.0,30.663863096485407,596,698,962,1262,27,-4750
225,5.0,23.0,110.47288174027143,596,698,1200,1320,41,-6500
226,5.0,24.0,160.9027165712251,596,698,1178,1251,41,-6750
227,5.0,25.0,67.01409478609705,596,698,805,1057,62,-11250
228,5.0,40.2,73.13448229118738,596,698,815,1010,32,-5250
229,5.0,40.1,73.13448229118738,596,698,815,1010,32,-5250
230,5.0,39.0,78.12943235426711,596,698,353,577,48,8750
231,5.0,38.0,61.76258495238036,596,698,764,965,55,-8750
232,5.0,37.0,98.18305199982328,596,698,67,292,34,5750
233,5.0,36.0,43.85868785086941,596,698,968,1144,13,-2000
234,5.0,35.0,150.23383640179065,596,698,423,642,13,1500
235,5.0,2.0,41.258047699812465,596,698,1318,1433,20,-3250
236,5.0,34.0,101.1573630538084,596,698,1125,1269,6,-1250
237,5.0,32.0,101.24597572249478,596,698,839,1019,69,-12000
238,5.0,31.0,58.36287604290933,596,698,967,1073,48,-8250
239,5.0,30.0,162.83011637900404,596,698,221,429,20,3250
240,5.0,29.0,142.74085680000664,596,698,873,985,62,-11000
241,5.0,28.0,93.53990645708386,596,698,449,644,20,3750
242,5.0,27.0,101.78455334676279,596,698,320,400,13,2500
243,5.0,26.0,98.70843631625415,596,698,99,213,48,7500
244,5.0,33.0,81.03677004915733,596,698,438,626,20,3250
245,5.0,4.0,70.22184417971377,596,698,1229,1312,69,-12500
246,6.0,23.0,45.988374617940124,161,253,1200,1320,41,-6500
247,6.0,0.0,90.52579356183517,161,253,0,0,0,0
248,6.0,22.0,159.6533385181782,161,253,962,1262,27,-4750
249,6.0,24.0,100.03524378937655,161,253,1178,1251,41,-6750
250,6.0,25.0,80.26750587878011,161,253,805,1057,62,-11250
251,6.0,26.0,54.61376017085803,161,253,99,213,48,7500
252,6.0,27.0,146.01041914877172,161,253,320,400,13,2500
253,6.0,28.0,112.63152533815743,161,253,449,644,20,3750
254,6.0,29.0,4.343731115066852,161,253,873,985,62,-11000
255,6.0,21.0,195.23975517296677,161,253,1037,1341,62,-10000
256,6.0,30.0,76.87054702550255,161,253,221,429,20,3250
257,6.0,32.0,92.06924024884749,161,253,839,1019,69,-12000
258,6.0,33.0,92.44673547508316,161,253,438,626,20,3250
259,6.0,34.0,105.02093172315696,161,253,1125,1269,6,-1250
260,6.0,35.0,58.46974773333642,161,253,423,642,13,1500
261,6.0,36.0,190.117720636452,161,253,968,1144,13,-2000
262,6.0,37.0,115.14495950757028,161,253,67,292,34,5750
263,6.0,38.0,152.22484192798493,161,253,764,965,55,-8750
264,6.0,31.0,151.27529507490638,161,253,967,1073,48,-8250
265,6.0,39.0,88.74104574547225,161,253,353,577,48,8750
266,6.0,20.0,75.37148665112025,161,253,326,485,41,7000
267,6.0,18.0,127.91806948199304,161,253,834,973,62,-10250
268,6.0,1.0,147.02045061827283,161,253,162,234,13,5000
269,6.0,2.0,105.59585834681207,161,253,1318,1433,20,-3250
270,6.0,3.0,114.02382996549449,161,253,1055,1136,34,-5500
271,6.0,4.0,194.22550707875627,161,253,1229,1312,69,-12500
272,6.0,5.0,146.7749685743451,161,253,596,698,13,1500
273,6.0,7.0,189.89866376570424,161,253,1026,1105,6,-750
274,6.0,8.0,100.1185637132295,161,253,500,627,62,9500
275,6.0,19.0,175.22817610190435,161,253,735,816,62,-10750
276,6.0,9.0,66.34549344152923,161,253,1024,1143,13,-2000
277,6.0,11.0,197.0147063038696,161,253,277,340,20,2500
278,6.0,12.0,127.9973144249519,161,253,696,809,20,3250
279,6.0,13.0,117.00618787055666,161,253,1136,1328,34,-3000
280,6.0,14.0,197.27086454922838,161,253,4,189,27,4500
281,6.0,15.0,58.8331173744856,161,253,1046,1313,55,-9750
282,6.0,16.0,81.23121198160224,161,253,94,221,48,7500
283,6.0,17.0,106.21105450940593,161,253,21,258,27,4000
284,6.0,10.0,53.7407117556141,161,253,1108,1187,13,-2000
285,6.0,40.1,187.46767854752989,161,253,815,1010,32,-5250
286,6.0,40.2,187.46767854752989,161,253,815,1010,32,-5250
287,7.0,1.0,154.13189676377826,1026,1105,162,234,13,5000
288,7.0,20.0,195.26864494844017,1026,1105,326,485,41,7000
289,7.0,19.0,53.78765099909086,1026,1105,735,816,62,-10750
290,7.0,18.0,62.113605594909714,1026,1105,834,973,62,-10250
291,7.0,17.0,118.41722340943483,1026,1105,21,258,27,4000
292,7.0,16.0,145.92501670378522,1026,1105,94,221,48,7500
293,7.0,15.0,198.6856109535867,1026,1105,1046,1313,55,-9750
294,7.0,14.0,80.35669542732579,1026,1105,4,189,27,4500
295,7.0,13.0,100.52370516450335,1026,1105,1136,1328,34,-3000
296,7.0,12.0,73.52235714393275,1026,1105,696,809,20,3250
297,7.0,11.0,52.83468557680644,1026,1105,277,340,20,2500
298,7.0,10.0,192.80964291238132,1026,1105,1108,1187,13,-2000
299,7.0,9.0,185.97400732360424,1026,1105,1024,1143,13,-2000
300,7.0,8.0,117.35136002620507,1026,1105,500,627,62,9500
301,7.0,6.0,189.89866376570424,1026,1105,161,253,20,3250
302,7.0,5.0,43.559408857329544,1026,1105,596,698,13,1500
303,7.0,4.0,52.063869429768665,1026,1105,1229,1312,69,-12500
304,7.0,3.0,112.7381235430145,1026,1105,1055,1136,34,-5500
305,7.0,21.0,40.10086906788929,1026,1105,1037,1341,62,-10000
306,7.0,0.0,103.46128937916828,1026,1105,0,0,0,0
307,7.0,22.0,39.40950646734871,1026,1105,962,1262,27,-4750
308,7.0,24.0,200.30562273685678,1026,1105,1178,1251,41,-6750
309,7.0,40.2,62.328741363836315,1026,1105,815,1010,32,-5250
310,7.0,40.1,62.328741363836315,1026,1105,815,1010,32,-5250
311,7.0,39.0,119.7787063713747,1026,1105,353,577,48,8750
312,7.0,38.0,84.9068784021648,1026,1105,764,965,55,-8750
313,7.0,37.0,133.65148184737797,1026,1105,67,292,34,5750
314,7.0,36.0,0.671863081289632,1026,1105,968,1144,13,-2000
315,7.0,35.0,192.8669118848539,1026,1105,423,642,13,1500
316,7.0,34.0,131.1327769857712,1026,1105,1125,1269,6,-1250
317,7.0,33.0,116.40741041703487,1026,1105,438,626,20,3250
318,7.0,32.0,140.91136398459847,1026,1105,839,1019,69,-12000
319,7.0,31.0,71.40480936183499,1026,1105,967,1073,48,-8250
320,7.0,30.0,199.207907724568,1026,1105,221,429,20,3250
321,7.0,29.0,185.8055663859401,1026,1105,873,985,62,-11000
322,7.0,28.0,121.66077839632624,1026,1105,449,644,20,3750
323,7.0,27.0,129.18368705064893,1026,1105,320,400,13,2500
324,7.0,26.0,142.2226666182293,1026,1105,99,213,48,7500
325,7.0,25.0,109.73672129237323,1026,1105,805,1057,62,-11250
326,7.0,23.0,153.97412672264127,1026,1105,1200,1320,41,-6500
327,7.0,2.0,84.69234321944339,1026,1105,1318,1433,20,-3250
328,8.0,23.0,54.19632644377292,500,627,1200,1320,41,-6500
329,8.0,1.0,64.15302409084082,500,627,162,234,13,5000
330,8.0,25.0,56.111365158940835,500,627,805,1057,62,-11250
331,8.0,26.0,46.37369081710016,500,627,99,213,48,7500
332,8.0,27.0,51.39877527723789,500,627,320,400,13,2500
333,8.0,28.0,121.38336665293149,500,627,449,644,20,3750
334,8.0,29.0,97.4523493816337,500,627,873,985,62,-11000
335,8.0,30.0,151.64564814065716,500,627,221,429,20,3250
336,8.0,31.0,119.79257280816704,500,627,967,1073,48,-8250
337,8.0,32.0,23.63641681812199,500,627,839,1019,69,-12000
338,8.0,33.0,95.95075247229695,500,627,438,626,20,3250
339,8.0,34.0,122.46106034164492,500,627,1125,1269,6,-1250
340,8.0,35.0,79.25538088988027,500,627,423,642,13,1500
341,8.0,36.0,117.83278703315135,500,627,968,1144,13,-2000
342,8.0,37.0,27.310886107924073,500,627,67,292,34,5750
343,8.0,38.0,53.65772358197839,500,627,764,965,55,-8750
344,8.0,39.0,12.538133832432957,500,627,353,577,48,8750
345,8.0,40.1,146.44826560939532,500,627,815,1010,32,-5250
346,8.0,40.2,146.44826560939532,500,627,815,1010,32,-5250
347,8.0,24.0,83.29949819776827,500,627,1178,1251,41,-6750
348,8.0,0.0,33.16940909934936,500,627,0,0,0,0
349,8.0,22.0,105.21516478150856,500,627,962,1262,27,-4750
350,8.0,20.0,148.24749373935467,500,627,326,485,41,7000
351,8.0,2.0,50.95892561661794,500,627,1318,1433,20,-3250
352,8.0,3.0,115.22823699076541,500,627,1055,1136,34,-5500
353,8.0,4.0,146.2545999276604,500,627,1229,1312,69,-12500
354,8.0,5.0,77.70200126122879,500,627,596,698,13,1500
355,8.0,6.0,100.1185637132295,500,627,161,253,20,3250
356,8.0,7.0,117.35136002620507,500,627,1026,1105,6,-750
357,8.0,9.0,136.38738394734315,500,627,1024,1143,13,-2000
358,8.0,10.0,80.41464107984316,500,627,1108,1187,13,-2000
359,8.0,11.0,148.72133975996854,500,627,277,340,20,2500
360,8.0,12.0,93.49403884740458,500,627,696,809,20,3250
361,8.0,13.0,19.307956909005156,500,627,1136,1328,34,-3000
362,8.0,14.0,99.08658839621032,500,627,4,189,27,4500
363,8.0,15.0,85.17451085858961,500,627,1046,1313,55,-9750
364,8.0,16.0,115.03951755809827,500,627,94,221,48,7500
365,8.0,17.0,7.575176565598985,500,627,21,258,27,4000
366,8.0,18.0,70.5621690426251,500,627,834,973,62,-10250
367,8.0,19.0,131.5458843902005,500,627,735,816,62,-10750
368,8.0,21.0,140.9174879140272,500,627,1037,1341,62,-10000
369,9.0,1.0,195.75930782468558,1024,1143,162,234,13,5000
370,9.0,2.0,114.32408845033491,1024,1143,1318,1433,20,-3250
371,9.0,0.0,111.4120038415969,1024,1143,0,0,0,0
372,9.0,20.0,11.860543832388123,1024,1143,326,485,41,7000
373,9.0,19.0,153.46905486123254,1024,1143,735,816,62,-10750
374,9.0,18.0,127.97319797520105,1024,1143,834,973,62,-10250
375,9.0,17.0,143.84850155632486,1024,1143,21,258,27,4000
376,9.0,16.0,41.20936422707829,1024,1143,94,221,48,7500
377,9.0,15.0,124.30025985491744,1024,1143,1046,1313,55,-9750
378,9.0,14.0,219.15804730832954,1024,1143,4,189,27,4500
379,9.0,21.0,177.2985518835391,1024,1143,1037,1341,62,-10000
380,9.0,13.0,147.24477749652107,1024,1143,1136,1328,34,-3000
381,9.0,11.0,174.71521570830632,1024,1143,277,340,20,2500
382,9.0,10.0,118.54636983054353,1024,1143,1108,1187,13,-2000
383,9.0,8.0,136.38738394734315,1024,1143,500,627,62,9500
384,9.0,7.0,185.97400732360424,1024,1143,1026,1105,6,-750
385,9.0,6.0,66.34549344152923,1024,1143,161,253,20,3250
386,9.0,5.0,148.66877984297847,1024,1143,596,698,13,1500
387,9.0,4.0,172.12027916547197,1024,1143,1229,1312,69,-12500
388,9.0,12.0,113.06525549433832,1024,1143,696,809,20,3250
389,9.0,22.0,148.39401942126912,1024,1143,962,1262,27,-4750
390,9.0,23.0,93.06911249173918,1024,1143,1200,1320,41,-6500
391,9.0,32.0,138.86095527541212,1024,1143,839,1019,69,-12000
392,9.0,40.1,161.8181578192015,1024,1143,815,1010,32,-5250
393,9.0,39.0,123.8864806990658,1024,1143,353,577,48,8750
394,9.0,38.0,178.61266752389093,1024,1143,764,965,55,-8750
395,9.0,37.0,159.42989054753815,1024,1143,67,292,34,5750
396,9.0,36.0,185.95921273225483,1024,1143,968,1144,13,-2000
397,9.0,35.0,123.04034175830299,1024,1143,423,642,13,1500
398,9.0,34.0,63.43752990147078,1024,1143,1125,1269,6,-1250
399,9.0,33.0,69.66545916018929,1024,1143,438,626,20,3250
400,9.0,40.2,161.8181578192015,1024,1143,815,1010,32,-5250
401,9.0,31.0,126.85103468241796,1024,1143,967,1073,48,-8250
402,9.0,30.0,15.369232251482176,1024,1143,221,429,20,3250
403,9.0,29.0,64.09486796928441,1024,1143,873,985,62,-11000
404,9.0,28.0,74.01479852029593,1024,1143,449,644,20,3750
405,9.0,27.0,187.6281450102836,1024,1143,320,400,13,2500
406,9.0,26.0,93.89373834287353,1024,1143,99,213,48,7500
407,9.0,25.0,89.21204515086514,1024,1143,805,1057,62,-11250
408,9.0,24.0,163.3183764920531,1024,1143,1178,1251,41,-6750
409,9.0,3.0,80.28373247426904,1024,1143,1055,1136,34,-5500
410,10.0,2.0,111.38286133871765,1108,1187,1318,1433,20,-3250
411,10.0,3.0,147.0722043759459,1108,1187,1055,1136,34,-5500
412,10.0,40.2,207.15059256492606,1108,1187,815,1010,32,-5250
413,10.0,20.0,128.39752217235346,1108,1187,326,485,41,7000
414,10.0,19.0,193.10793510366165,1108,1187,735,816,62,-10750
415,10.0,18.0,135.69640525820867,1108,1187,834,973,62,-10250
416,10.0,17.0,83.30008643452898,1108,1187,21,258,27,4000
417,10.0,16.0,123.43190551879202,1108,1187,94,221,48,7500
418,10.0,15.0,6.980257874892587,1108,1187,1046,1313,55,-9750
419,10.0,14.0,177.69206650832783,1108,1187,4,189,27,4500
420,10.0,21.0,208.5988871015375,1108,1187,1037,1341,62,-10000
421,10.0,13.0,99.72114369580807,1108,1187,1136,1328,34,-3000
422,10.0,11.0,213.5112100101538,1108,1187,277,340,20,2500
423,10.0,9.0,118.54636983054353,1108,1187,1024,1143,13,-2000
424,10.0,8.0,80.41464107984316,1108,1187,500,627,62,9500
425,10.0,7.0,192.80964291238132,1108,1187,1026,1105,6,-750
426,10.0,6.0,53.7407117556141,1108,1187,161,253,20,3250
427,10.0,5.0,149.94101673658213,1108,1187,596,698,13,1500
428,10.0,4.0,210.78489912704848,1108,1187,1229,1312,69,-12500
429,10.0,12.0,146.8787343355055,1108,1187,696,809,20,3250
430,10.0,0.0,90.23110771790402,1108,1187,0,0,0,0
431,10.0,22.0,171.39266378698943,1108,1187,962,1262,27,-4750
432,10.0,24.0,46.57908650886146,1108,1187,1178,1251,41,-6750
433,10.0,40.1,207.15059256492606,1108,1187,815,1010,32,-5250
434,10.0,39.0,74.06668954395087,1108,1187,353,577,48,8750
435,10.0,38.0,132.93295904327113,1108,1187,764,965,55,-8750
436,10.0,37.0,82.51006362862654,1108,1187,67,292,34,5750
437,10.0,36.0,193.19631104138608,1108,1187,968,1144,13,-2000
438,10.0,35.0,4.812743500333257,1108,1187,423,642,13,1500
439,10.0,34.0,143.6189862100412,1108,1187,1125,1269,6,-1250
440,10.0,23.0,43.458298402031346,1108,1187,1200,1320,41,-6500
441,10.0,33.0,123.64417495377613,1108,1187,438,626,20,3250
442,10.0,31.0,173.48351045560497,1108,1187,967,1073,48,-8250
443,10.0,30.0,130.1787144659218,1108,1187,221,429,20,3250
444,10.0,29.0,54.978698602276864,1108,1187,873,985,62,-11000
445,10.0,28.0,148.58478858887273,1108,1187,449,644,20,3750
446,10.0,27.0,112.18244158512508,1108,1187,320,400,13,2500
447,10.0,26.0,54.29082150787553,1108,1187,99,213,48,7500
448,10.0,25.0,94.427695089947,1108,1187,805,1057,62,-11250
449,10.0,32.0,61.43747146489673,1108,1187,839,1019,69,-12000
450,10.0,1.0,105.66017225047477,1108,1187,162,234,13,5000
451,11.0,23.0,170.85453608259866,277,340,1200,1320,41,-6500
452,11.0,40.2,14.985059225775528,277,340,815,1010,32,-5250
453,11.0,18.0,79.27675573583973,277,340,834,973,62,-10250
454,11.0,17.0,152.05204503721745,277,340,21,258,27,4000
455,11.0,16.0,133.66631625057977,277,340,94,221,48,7500
456,11.0,15.0,220.10479867554,277,340,1046,1313,55,-9750
457,11.0,14.0,132.9610563285355,277,340,4,189,27,4500
458,11.0,13.0,135.88245545323355,277,340,1136,1328,34,-3000
459,11.0,12.0,69.06623632427063,277,340,696,809,20,3250
460,11.0,19.0,21.922978812196124,277,340,735,816,62,-10750
461,11.0,10.0,213.5112100101538,277,340,1108,1187,13,-2000
462,11.0,8.0,148.72133975996854,277,340,500,627,62,9500
463,11.0,7.0,52.83468557680644,277,340,1026,1105,6,-750
464,11.0,6.0,197.0147063038696,277,340,161,253,20,3250
465,11.0,5.0,72.46419598670781,277,340,596,698,13,1500
466,11.0,4.0,2.7910034037958464,277,340,1229,1312,69,-12500
467,11.0,3.0,94.52310881472319,277,340,1055,1136,34,-5500
468,11.0,2.0,102.89005102535424,277,340,1318,1433,20,-3250
469,11.0,9.0,174.71521570830632,277,340,1024,1143,13,-2000
470,11.0,20.0,181.61575179482645,277,340,326,485,41,7000
471,11.0,21.0,12.81551013420846,277,340,1037,1341,62,-10000
472,11.0,22.0,43.551243380642994,277,340,962,1262,27,-4750
473,11.0,40.1,14.985059225775528,277,340,815,1010,32,-5250
474,11.0,39.0,146.988233882852,277,340,353,577,48,8750
475,11.0,38.0,130.4084123053417,277,340,764,965,55,-8750
476,11.0,37.0,170.54330183270173,277,340,67,292,34,5750
477,11.0,36.0,52.20004789269833,277,340,968,1144,13,-2000
478,11.0,35.0,214.7041501694832,277,340,423,642,13,1500
479,11.0,34.0,112.33151828405063,277,340,1125,1269,6,-1250
480,11.0,33.0,108.46062695743557,277,340,438,626,20,3250
481,11.0,32.0,171.7959734685304,277,340,839,1019,69,-12000
482,11.0,31.0,48.01968346417956,277,340,967,1073,48,-8250
483,11.0,30.0,185.3116361699934,277,340,221,429,20,3250
484,11.0,29.0,192.68064900243618,277,340,873,985,62,-11000
485,11.0,28.0,101.63889511402611,277,340,449,644,20,3750
486,11.0,27.0,173.04670178885235,277,340,320,400,13,2500
487,11.0,26.0,159.4322668094511,277,340,99,213,48,7500
488,11.0,25.0,120.33720954052409,277,340,805,1057,62,-11250
489,11.0,24.0,230.9094248834378,277,340,1178,1251,41,-6750
490,11.0,0.0,124.754074883348,277,340,0,0,0,0
491,11.0,1.0,197.15081333841866,277,340,162,234,13,5000
492,12.0,23.0,103.56788160428889,696,809,1200,1320,41,-6500
493,12.0,1.0,153.03872516458048,696,809,162,234,13,5000
494,12.0,25.0,52.50090475410877,696,809,805,1057,62,-11250
495,12.0,26.0,92.61775909619062,696,809,99,213,48,7500
496,12.0,27.0,132.55762520504052,696,809,320,400,13,2500
497,12.0,28.0,50.011998560345496,696,809,449,644,20,3750
498,12.0,29.0,123.66882590208415,696,809,873,985,62,-11000
499,12.0,30.0,125.89532358272884,696,809,221,429,20,3250
500,12.0,31.0,27.19403243360572,696,809,967,1073,48,-8250
501,12.0,32.0,113.91108155047954,696,809,839,1019,69,-12000
502,12.0,33.0,43.44876753142717,696,809,438,626,20,3250
503,12.0,34.0,58.505953543207895,696,809,1125,1269,6,-1250
504,12.0,35.0,148.56309400386087,696,809,423,642,13,1500
505,12.0,36.0,73.44197165109335,696,809,968,1144,13,-2000
506,12.0,37.0,119.55355787261205,696,809,67,292,34,5750
507,12.0,38.0,99.57261169618883,696,809,764,965,55,-8750
508,12.0,39.0,87.7770909748096,696,809,353,577,48,8750
509,12.0,40.1,60.637851215226945,696,809,815,1010,32,-5250
510,12.0,40.2,60.637851215226945,696,809,815,1010,32,-5250
511,12.0,24.0,169.98750101110377,696,809,1178,1251,41,-6750
512,12.0,0.0,63.024009710585695,696,809,0,0,0,0
513,12.0,22.0,35.33752962503179,696,809,962,1262,27,-4750
514,12.0,20.0,121.9724907509886,696,809,326,485,41,7000
515,12.0,2.0,42.55131960350936,696,809,1318,1433,20,-3250
516,12.0,3.0,40.88304416258652,696,809,1055,1136,34,-5500
517,12.0,4.0,66.27527517860638,696,809,1229,1312,69,-12500
518,12.0,5.0,44.07533210311637,696,809,596,698,13,1500
519,12.0,6.0,127.9973144249519,696,809,161,253,20,3250
520,12.0,7.0,73.52235714393275,696,809,1026,1105,6,-750
521,12.0,8.0,93.49403884740458,696,809,500,627,62,9500
522,12.0,9.0,113.06525549433832,696,809,1024,1143,13,-2000
523,12.0,10.0,146.8787343355055,696,809,1108,1187,13,-2000
524,12.0,11.0,69.06623632427063,696,809,277,340,20,2500
525,12.0,13.0,87.35182024434295,696,809,1136,1328,34,-3000
526,12.0,14.0,125.55939829419381,696,809,4,189,27,4500
527,12.0,15.0,153.67250957799837,696,809,1046,1313,55,-9750
528,12.0,16.0,72.53129876129339,696,809,94,221,48,7500
529,12.0,17.0,98.99886160961651,696,809,21,258,27,4000
530,12.0,18.0,29.24819652559795,696,809,834,973,62,-10250
531,12.0,19.0,47.43700243480821,696,809,735,816,62,-10750
532,12.0,21.0,67.67573050954086,696,809,1037,1341,62,-10000
533,13.0,1.0,65.68780175953525,1136,1328,162,234,13,5000
534,13.0,2.0,46.814678253727216,1136,1328,1318,1433,20,-3250
535,13.0,23.0,71.61551368244173,1136,1328,1200,1320,41,-6500
536,13.0,21.0,127.0911877354209,1136,1328,1037,1341,62,-10000
537,13.0,20.0,159.02418998378832,1136,1328,326,485,41,7000
538,13.0,19.0,120.35215369905102,1136,1328,735,816,62,-10750
539,13.0,18.0,60.89598755254734,1136,1328,834,973,62,-10250
540,13.0,17.0,18.077214940360697,1136,1328,21,258,27,4000
541,13.0,16.0,121.39941762628023,1136,1328,94,221,48,7500
542,13.0,15.0,104.43777333896007,1136,1328,1046,1313,55,-9750
543,13.0,14.0,80.65601279507933,1136,1328,4,189,27,4500
544,13.0,12.0,87.35182024434295,1136,1328,696,809,20,3250
545,13.0,11.0,135.88245545323355,1136,1328,277,340,20,2500
546,13.0,10.0,99.72114369580807,1136,1328,1108,1187,13,-2000
547,13.0,9.0,147.24477749652107,1136,1328,1024,1143,13,-2000
548,13.0,8.0,19.307956909005156,1136,1328,500,627,62,9500
549,13.0,7.0,100.52370516450335,1136,1328,1026,1105,6,-750
550,13.0,6.0,117.00618787055666,1136,1328,161,253,20,3250
551,13.0,5.0,63.557043669447054,1136,1328,596,698,13,1500
552,13.0,4.0,133.56275079527225,1136,1328,1229,1312,69,-12500
553,13.0,22.0,92.95396979150486,1136,1328,962,1262,27,-4750
554,13.0,3.0,115.14341752788128,1136,1328,1055,1136,34,-5500
555,13.0,0.0,36.774731814113885,1136,1328,0,0,0,0
556,13.0,24.0,99.92575844095455,1136,1328,1178,1251,41,-6750
557,13.0,40.2,135.1990713725505,1136,1328,815,1010,32,-5250
558,13.0,40.1,135.1990713725505,1136,1328,815,1010,32,-5250
559,13.0,39.0,28.436631305413094,1136,1328,353,577,48,8750
560,13.0,38.0,35.294284239802906,1136,1328,764,965,55,-8750
561,13.0,37.0,34.66178443184944,1136,1328,67,292,34,5750
562,13.0,36.0,101.04416311692626,1136,1328,968,1144,13,-2000
563,13.0,35.0,98.52289581615027,1136,1328,423,642,13,1500
564,13.0,34.0,125.03994281828506,1136,1328,1125,1269,6,-1250
565,13.0,33.0,98.60245686594224,1136,1328,438,626,20,3250
566,13.0,32.0,41.29684975878911,1136,1328,839,1019,69,-12000
567,13.0,31.0,112.02927340655208,1136,1328,967,1073,48,-8250
568,13.0,30.0,162.61262743095935,1136,1328,221,429,20,3250
569,13.0,29.0,114.04226935658549,1136,1328,873,985,62,-11000
570,13.0,28.0,122.31175454550555,1136,1328,449,644,20,3750
571,13.0,27.0,46.42585594256718,1136,1328,320,400,13,2500
572,13.0,26.0,62.45299352312906,1136,1328,99,213,48,7500
573,13.0,25.0,60.979377661632455,1136,1328,805,1057,62,-11250
574,14.0,1.0,98.32492308667219,4,189,162,234,13,5000
575,14.0,3.0,165.13389536978772,4,189,1055,1136,34,-5500
576,14.0,2.0,105.1764274920954,4,189,1318,1433,20,-3250
577,14.0,4.0,131.9568899300071,4,189,1229,1312,69,-12500
578,14.0,22.0,105.3180236236894,4,189,962,1262,27,-4750
579,14.0,21.0,120.3520070459982,4,189,1037,1341,62,-10000
580,14.0,20.0,230.4277209885998,4,189,326,485,41,7000
581,14.0,19.0,129.58034303087797,4,189,735,816,62,-10750
582,14.0,18.0,98.33935377050229,4,189,834,973,62,-10250
583,14.0,17.0,94.80005116032376,4,189,21,258,27,4000
584,14.0,16.0,185.92315455585407,4,189,94,221,48,7500
585,14.0,23.0,152.22908854749147,4,189,1200,1320,41,-6500
586,14.0,15.0,181.5033721449825,4,189,1046,1313,55,-9750
587,14.0,12.0,125.55939829419381,4,189,696,809,20,3250
588,14.0,11.0,132.9610563285355,4,189,277,340,20,2500
589,14.0,10.0,177.69206650832783,4,189,1108,1187,13,-2000
590,14.0,9.0,219.15804730832954,4,189,1024,1143,13,-2000
591,14.0,8.0,99.08658839621032,4,189,500,627,62,9500
592,14.0,7.0,80.35669542732579,4,189,1026,1105,6,-750
593,14.0,6.0,197.27086454922838,4,189,161,253,20,3250
594,14.0,13.0,80.65601279507933,4,189,1136,1328,34,-3000
595,14.0,5.0,81.68503534919968,4,189,596,698,13,1500
596,14.0,24.0,165.8488227272054,4,189,1178,1251,41,-6750
597,14.0,25.0,130.06683089858075,4,189,805,1057,62,-11250
598,14.0,40.2,140.86292095509023,4,189,815,1010,32,-5250
599,14.0,40.1,140.86292095509023,4,189,815,1010,32,-5250
600,14.0,39.0,109.0815914808727,4,189,353,577,48,8750
601,14.0,38.0,45.45096808649956,4,189,764,965,55,-8750
602,14.0,37.0,97.586325373999,4,189,67,292,34,5750
603,14.0,36.0,81.013624162853,4,189,968,1144,13,-2000
604,14.0,35.0,175.73908444054214,4,189,423,642,13,1500
605,14.0,34.0,180.6622398289139,4,189,1125,1269,6,-1250
606,14.0,32.0,116.34122657080765,4,189,839,1019,69,-12000
607,14.0,31.0,138.06526753677045,4,189,967,1073,48,-8250
608,14.0,30.0,234.26985508169847,4,189,221,429,20,3250
609,14.0,29.0,194.1270563316716,4,189,873,985,62,-11000
610,14.0,28.0,174.03753187172012,4,189,449,644,20,3750
611,14.0,27.0,75.7955176774986,4,189,320,400,13,2500
612,14.0,26.0,142.66911929355982,4,189,99,213,48,7500
613,14.0,33.0,157.60186959550956,4,189,438,626,20,3250
614,14.0,0.0,109.91252931308605,4,189,0,0,0,0
615,15.0,3.0,154.04658548633918,1046,1313,1055,1136,34,-5500
616,15.0,4.0,217.38496843158225,1046,1313,1229,1312,69,-12500
617,15.0,0.0,96.48365250134346,1046,1313,0,0,0,0
618,15.0,21.0,215.05626449838655,1046,1313,1037,1341,62,-10000
619,15.0,20.0,133.93134397892078,1046,1313,326,485,41,7000
620,15.0,19.0,199.7866206731572,1046,1313,735,816,62,-10750
621,15.0,18.0,142.07437488864767,1046,1313,834,973,62,-10250
622,15.0,17.0,87.61280500018248,1046,1313,21,258,27,4000
623,15.0,16.0,130.15756797051796,1046,1313,94,221,48,7500
624,15.0,14.0,181.5033721449825,1046,1313,4,189,27,4500
625,15.0,22.0,177.8488133218774,1046,1313,962,1262,27,-4750
626,15.0,13.0,104.43777333896007,1046,1313,1136,1328,34,-3000
627,15.0,11.0,220.10479867554,1046,1313,277,340,20,2500
628,15.0,10.0,6.980257874892587,1046,1313,1108,1187,13,-2000
629,15.0,9.0,124.30025985491744,1046,1313,1024,1143,13,-2000
630,15.0,8.0,85.17451085858961,1046,1313,500,627,62,9500
631,15.0,7.0,198.6856109535867,1046,1313,1026,1105,6,-750
632,15.0,6.0,58.8331173744856,1046,1313,161,253,20,3250
633,15.0,5.0,155.98842809644566,1046,1313,596,698,13,1500
634,15.0,12.0,153.67250957799837,1046,1313,696,809,20,3250
635,15.0,2.0,117.78873036076075,1046,1313,1318,1433,20,-3250
636,15.0,23.0,50.35390848782248,1046,1313,1200,1320,41,-6500
637,15.0,25.0,101.2545070601798,1046,1313,805,1057,62,-11250
638,15.0,40.2,213.87659432485827,1046,1313,815,1010,32,-5250
639,15.0,40.1,213.87659432485827,1046,1313,815,1010,32,-5250
640,15.0,39.0,79.48416508965795,1046,1313,353,577,48,8750
641,15.0,38.0,137.06581338904314,1046,1313,764,965,55,-8750
642,15.0,37.0,85.36572731488909,1046,1313,67,292,34,5750
643,15.0,36.0,199.08275113630512,1046,1313,968,1144,13,-2000
644,15.0,35.0,5.924905062530545,1046,1313,423,642,13,1500
645,15.0,24.0,42.88159162158046,1046,1313,1178,1251,41,-6750
646,15.0,34.0,150.50561318435933,1046,1313,1125,1269,6,-1250
647,15.0,32.0,65.17796023196797,1046,1313,839,1019,69,-12000
648,15.0,31.0,180.32756084414828,1046,1313,967,1073,48,-8250
649,15.0,30.0,135.5956831908745,1046,1313,221,429,20,3250
650,15.0,29.0,60.402325286366256,1046,1313,873,985,62,-11000
651,15.0,28.0,155.52976885471153,1046,1313,449,644,20,3750
652,15.0,27.0,114.37668381274219,1046,1313,320,400,13,2500
653,15.0,26.0,61.05739676730412,1046,1313,99,213,48,7500
654,15.0,33.0,130.62009799414483,1046,1313,438,626,20,3250
655,15.0,1.0,106.36130499387454,1046,1313,162,234,13,5000
656,16.0,23.0,86.29335316233806,94,221,1200,1320,41,-6500
657,16.0,40.2,121.02286106351974,94,221,815,1010,32,-5250
658,16.0,18.0,90.46184002108293,94,221,834,973,62,-10250
659,16.0,17.0,122.57639454642153,94,221,21,258,27,4000
660,16.0,15.0,130.15756797051796,94,221,1046,1313,55,-9750
661,16.0,14.0,185.92315455585407,94,221,4,189,27,4500
662,16.0,13.0,121.39941762628023,94,221,1136,1328,34,-3000
663,16.0,12.0,72.53129876129339,94,221,696,809,20,3250
664,16.0,11.0,133.66631625057977,94,221,277,340,20,2500
665,16.0,19.0,112.31463172712628,94,221,735,816,62,-10750
666,16.0,10.0,123.43190551879202,94,221,1108,1187,13,-2000
667,16.0,8.0,115.03951755809827,94,221,500,627,62,9500
668,16.0,7.0,145.92501670378522,94,221,1026,1105,6,-750
669,16.0,6.0,81.23121198160224,94,221,161,253,20,3250
670,16.0,5.0,110.7778407444377,94,221,596,698,13,1500
671,16.0,4.0,131.04834604068836,94,221,1229,1312,69,-12500
672,16.0,3.0,39.604292696625706,94,221,1055,1136,34,-5500
673,16.0,2.0,81.21860932077082,94,221,1318,1433,20,-3250
674,16.0,9.0,41.20936422707829,94,221,1024,1143,13,-2000
675,16.0,20.0,49.46232910003329,94,221,326,485,41,7000
676,16.0,21.0,136.09010617969255,94,221,1037,1341,62,-10000
677,16.0,22.0,107.73134409260844,94,221,962,1262,27,-4750
678,16.0,40.1,121.02286106351974,94,221,815,1010,32,-5250
679,16.0,39.0,103.37897755346587,94,221,353,577,48,8750
680,16.0,38.0,148.79754467060266,94,221,764,965,55,-8750
681,16.0,37.0,141.11108142169417,94,221,67,292,34,5750
682,16.0,36.0,145.87099951669626,94,221,968,1144,13,-2000
683,16.0,35.0,127.11094524076202,94,221,423,642,13,1500
684,16.0,34.0,24.974012492989587,94,221,1125,1269,6,-1250
685,16.0,33.0,29.843272273663292,94,221,438,626,20,3250
686,16.0,32.0,124.1233096561641,94,221,839,1019,69,-12000
687,16.0,31.0,85.72176444754272,94,221,967,1073,48,-8250
688,16.0,30.0,53.37463067787917,94,221,221,429,20,3250
689,16.0,29.0,77.3799366761178,94,221,873,985,62,-11000
690,16.0,28.0,34.5819100108713,94,221,449,644,20,3750
691,16.0,27.0,165.79557804718436,94,221,320,400,13,2500
692,16.0,26.0,81.85227302891471,94,221,99,213,48,7500
693,16.0,25.0,60.42004054947332,94,221,805,1057,62,-11250
694,16.0,24.0,162.5526456259633,94,221,1178,1251,41,-6750
695,16.0,0.0,84.675427958765,94,221,0,0,0,0
696,16.0,1.0,178.47068806949784,94,221,162,234,13,5000
697,17.0,22.0,108.7132926554982,21,258,962,1262,27,-4750
698,17.0,21.0,143.7766896962091,21,258,1037,1341,62,-10000
699,17.0,24.0,81.91764706093552,21,258,1178,1251,41,-6750
700,17.0,25.0,63.444050942543065,21,258,805,1057,62,-11250
701,17.0,26.0,53.094373524884915,21,258,99,213,48,7500
702,17.0,27.0,43.85677826744687,21,258,320,400,13,2500
703,17.0,28.0,128.41508400495636,21,258,449,644,20,3750
704,17.0,29.0,103.69537549958531,21,258,873,985,62,-11000
705,17.0,30.0,159.08914639283222,21,258,221,429,20,3250
706,17.0,31.0,124.92095740907529,21,258,967,1073,48,-8250
707,17.0,32.0,23.36277594807603,21,258,839,1019,69,-12000
708,17.0,33.0,103.16303601581332,21,258,438,626,20,3250
709,17.0,34.0,129.7063575928335,21,258,1125,1269,6,-1250
710,17.0,35.0,81.73797465070932,21,258,423,642,13,1500
711,17.0,36.0,118.9274106335457,21,258,968,1144,13,-2000
712,17.0,37.0,20.7093457163668,21,258,67,292,34,5750
713,17.0,38.0,49.681239920114706,21,258,764,965,55,-8750
714,17.0,39.0,19.963669502373556,21,258,353,577,48,8750
715,17.0,40.1,150.43831028032722,21,258,815,1010,32,-5250
716,17.0,23.0,60.22339827674954,21,258,1200,1320,41,-6500
717,17.0,40.2,150.43831028032722,21,258,815,1010,32,-5250
718,17.0,0.0,40.11067189664117,21,258,0,0,0,0
719,17.0,19.0,135.53273036429246,21,258,735,816,62,-10750
720,17.0,1.0,56.93822968796976,21,258,162,234,13,5000
721,17.0,2.0,56.65401133194365,21,258,1318,1433,20,-3250
722,17.0,3.0,122.0951370857988,21,258,1055,1136,34,-5500
723,17.0,4.0,149.64727094070244,21,258,1229,1312,69,-12500
724,17.0,5.0,80.25672868987373,21,258,596,698,13,1500
725,17.0,6.0,106.21105450940593,21,258,161,253,20,3250
726,17.0,7.0,118.41722340943483,21,258,1026,1105,6,-750
727,17.0,8.0,7.575176565598985,21,258,500,627,62,9500
728,17.0,9.0,143.84850155632486,21,258,1024,1143,13,-2000
729,17.0,10.0,83.30008643452898,21,258,1108,1187,13,-2000
730,17.0,11.0,152.05204503721745,21,258,277,340,20,2500
731,17.0,12.0,98.99886160961651,21,258,696,809,20,3250
732,17.0,13.0,18.077214940360697,21,258,1136,1328,34,-3000
733,17.0,14.0,94.80005116032376,21,258,4,189,27,4500
734,17.0,15.0,87.61280500018248,21,258,1046,1313,55,-9750
735,17.0,16.0,122.57639454642153,21,258,94,221,48,7500
736,17.0,18.0,74.87417979517372,21,258,834,973,62,-10250
737,17.0,20.0,155.70904437443573,21,258,326,485,41,7000
738,18.0,2.0,24.33345433759868,834,973,1318,1433,20,-3250
739,18.0,1.0,126.15754277886045,834,973,162,234,13,5000
740,18.0,0.0,45.78482718106513,834,973,0,0,0,0
741,18.0,20.0,138.2486806446991,834,973,326,485,41,7000
742,18.0,19.0,61.062225639097036,834,973,735,816,62,-10750
743,18.0,17.0,74.87417979517372,834,973,21,258,27,4000
744,18.0,16.0,90.46184002108293,834,973,94,221,48,7500
745,18.0,15.0,142.07437488864767,834,973,1046,1313,55,-9750
746,18.0,14.0,98.33935377050229,834,973,4,189,27,4500
747,18.0,13.0,60.89598755254734,834,973,1136,1328,34,-3000
748,18.0,21.0,73.1131568187286,834,973,1037,1341,62,-10000
749,18.0,12.0,29.24819652559795,834,973,696,809,20,3250
750,18.0,10.0,135.69640525820867,834,973,1108,1187,13,-2000
751,18.0,9.0,127.97319797520105,834,973,1024,1143,13,-2000
752,18.0,8.0,70.5621690426251,834,973,500,627,62,9500
753,18.0,7.0,62.113605594909714,834,973,1026,1105,6,-750
754,18.0,6.0,127.91806948199304,834,973,161,253,20,3250
755,18.0,5.0,20.731524304787623,834,973,596,698,13,1500
756,18.0,4.0,76.67831831750094,834,973,1229,1312,69,-12500
757,18.0,11.0,79.27675573583973,834,973,277,340,20,2500
758,18.0,22.0,36.01073728764796,834,973,962,1262,27,-4750
759,18.0,23.0,94.37676461926421,834,973,1200,1320,41,-6500
760,18.0,32.0,93.02721376027554,834,973,839,1019,69,-12000
761,18.0,40.1,75.94400568840176,834,973,815,1010,32,-5250
762,18.0,39.0,67.79546076250239,834,973,353,577,48,8750
763,18.0,38.0,70.3250879843033,834,973,764,965,55,-8750
764,18.0,37.0,94.72099344918212,834,973,67,292,34,5750
765,18.0,36.0,62.30052487740372,834,973,968,1144,13,-2000
766,18.0,35.0,136.50103186423172,834,973,423,642,13,1500
767,18.0,34.0,82.44972528759571,834,973,1125,1269,6,-1250
768,18.0,33.0,60.89713622166481,834,973,438,626,20,3250
769,18.0,40.2,75.94400568840176,834,973,815,1010,32,-5250
770,18.0,31.0,51.33940786569318,834,973,967,1073,48,-8250
771,18.0,30.0,142.2012675752224,834,973,221,429,20,3250
772,18.0,29.0,123.79046207200295,834,973,873,985,62,-11000
773,18.0,28.0,75.71779843603484,834,973,449,644,20,3750
774,18.0,27.0,104.6047083070356,834,973,320,400,13,2500
775,18.0,26.0,82.631403836556,834,973,99,213,48,7500
776,18.0,25.0,47.668522108410286,834,973,805,1057,62,-11250
777,18.0,24.0,151.73942302513214,834,973,1178,1251,41,-6750
778,18.0,3.0,66.87090922067681,834,973,1055,1136,34,-5500
779,19.0,2.0,83.61351565387021,735,816,1318,1433,20,-3250
780,19.0,3.0,73.57503992523552,735,816,1055,1136,34,-5500
781,19.0,40.2,14.908044808089356,735,816,815,1010,32,-5250
782,19.0,20.0,160.71158172328464,735,816,326,485,41,7000
783,19.0,18.0,61.062225639097036,735,816,834,973,62,-10250
784,19.0,17.0,135.53273036429246,735,816,21,258,27,4000
785,19.0,16.0,112.31463172712628,735,816,94,221,48,7500
786,19.0,15.0,199.7866206731572,735,816,1046,1313,55,-9750
787,19.0,14.0,129.58034303087797,735,816,4,189,27,4500
788,19.0,13.0,120.35215369905102,735,816,1136,1328,34,-3000
789,19.0,21.0,24.65365084526022,735,816,1037,1341,62,-10000
790,19.0,12.0,47.43700243480821,735,816,696,809,20,3250
791,19.0,10.0,193.10793510366165,735,816,1108,1187,13,-2000
792,19.0,9.0,153.46905486123254,735,816,1024,1143,13,-2000
793,19.0,8.0,131.5458843902005,735,816,500,627,62,9500
794,19.0,7.0,53.78765099909086,735,816,1026,1105,6,-750
795,19.0,6.0,175.22817610190435,735,816,161,253,20,3250
796,19.0,5.0,58.68935593444522,735,816,596,698,13,1500
797,19.0,4.0,19.16366614194685,735,816,1229,1312,69,-12500
798,19.0,11.0,21.922978812196124,735,816,277,340,20,2500
799,19.0,0.0,105.50049194198101,735,816,0,0,0,0
800,19.0,22.0,28.025648966616284,735,816,962,1262,27,-4750
801,19.0,24.0,212.53090245891303,735,816,1178,1251,41,-6750
802,19.0,40.1,14.908044808089356,735,816,815,1010,32,-5250
803,19.0,39.0,128.67113623497696,735,816,353,577,48,8750
804,19.0,38.0,119.74102137529981,735,816,764,965,55,-8750
805,19.0,37.0,154.84272795323648,735,816,67,292,34,5750
806,19.0,36.0,53.2962475226915,735,816,968,1144,13,-2000
807,19.0,35.0,194.48873926271412,735,816,423,642,13,1500
808,19.0,34.0,91.74214407784463,735,816,1125,1269,6,-1250
809,19.0,23.0,150.13909717325464,735,816,1200,1320,41,-6500
810,19.0,33.0,86.61815167734763,735,816,438,626,20,3250
811,19.0,31.0,26.636309804475538,735,816,967,1073,48,-8250
812,19.0,30.0,164.45950899841577,735,816,221,429,20,3250
813,19.0,29.0,170.8906682648295,735,816,873,985,62,-11000
814,19.0,28.0,81.13421226584997,735,816,449,644,20,3750
815,19.0,27.0,160.46336528940182,735,816,320,400,13,2500
816,19.0,26.0,138.8683380040245,735,816,99,213,48,7500
817,19.0,25.0,99.30812756265219,735,816,805,1057,62,-11250
818,19.0,32.0,154.08094268922423,735,816,839,1019,69,-12000
819,19.0,1.0,183.77459291207805,735,816,162,234,13,5000
820,20.0,23.0,104.51571365110607,326,485,1200,1320,41,-6500
821,20.0,40.2,168.30420701812537,326,485,815,1010,32,-5250
822,20.0,17.0,155.70904437443573,326,485,21,258,27,4000
823,20.0,16.0,49.46232910003329,326,485,94,221,48,7500
824,20.0,15.0,133.93134397892078,326,485,1046,1313,55,-9750
825,20.0,14.0,230.4277209885998,326,485,4,189,27,4500
826,20.0,13.0,159.02418998378832,326,485,1136,1328,34,-3000
827,20.0,12.0,121.9724907509886,326,485,696,809,20,3250
828,20.0,11.0,181.61575179482645,326,485,277,340,20,2500
829,20.0,18.0,138.2486806446991,326,485,834,973,62,-10250
830,20.0,10.0,128.39752217235346,326,485,1108,1187,13,-2000
831,20.0,8.0,148.24749373935467,326,485,500,627,62,9500
832,20.0,7.0,195.26864494844017,326,485,1026,1105,6,-750
833,20.0,6.0,75.37148665112025,326,485,161,253,20,3250
834,20.0,5.0,158.8750955939917,326,485,596,698,13,1500
835,20.0,4.0,179.08056790171287,326,485,1229,1312,69,-12500
836,20.0,3.0,87.1509150841229,326,485,1055,1136,34,-5500
837,20.0,2.0,125.42018378235618,326,485,1318,1433,20,-3250
838,20.0,9.0,11.860543832388123,326,485,1024,1143,13,-2000
839,20.0,19.0,160.71158172328464,326,485,735,816,62,-10750
840,20.0,21.0,184.85244115239593,326,485,1037,1341,62,-10000
841,20.0,22.0,157.19355107637207,326,485,962,1262,27,-4750
842,20.0,40.1,168.30420701812537,326,485,815,1010,32,-5250
843,20.0,39.0,135.74701249014652,326,485,353,577,48,8750
844,20.0,38.0,190.2014261250425,326,485,764,965,55,-8750
845,20.0,37.0,171.24521044397125,326,485,67,292,34,5750
846,20.0,36.0,195.22783741054963,326,485,968,1144,13,-2000
847,20.0,35.0,132.97506833989596,326,485,423,642,13,1500
848,20.0,34.0,69.40003530258467,326,485,1125,1269,6,-1250
849,20.0,33.0,78.88729492129896,326,485,438,626,20,3250
850,20.0,32.0,150.57818301467182,326,485,839,1019,69,-12000
851,20.0,31.0,134.0861652073024,326,485,967,1073,48,-8250
852,20.0,30.0,3.957827687002052,326,485,221,429,20,3250
853,20.0,29.0,73.53003331972589,326,485,873,985,62,-11000
854,20.0,28.0,80.11042191874913,326,485,449,644,20,3750
855,20.0,27.0,199.48721487854803,326,485,320,400,13,2500
856,20.0,26.0,105.62738376008372,326,485,99,213,48,7500
857,20.0,25.0,100.64876800040824,326,485,805,1057,62,-11250
858,20.0,24.0,173.68011342695513,326,485,1178,1251,41,-6750
859,20.0,0.0,123.08707365113527,326,485,0,0,0,0
860,20.0,1.0,207.51049250580076,326,485,162,234,13,5000
861,21.0,0.0,118.89792134431956,1037,1341,0,0,0,0
862,21.0,19.0,24.65365084526022,1037,1341,735,816,62,-10750
863,21.0,22.0,37.20782847735138,1037,1341,962,1262,27,-4750
864,21.0,23.0,166.55421759895484,1037,1341,1200,1320,41,-6500
865,21.0,24.0,223.74778836895794,1037,1341,1178,1251,41,-6750
866,21.0,25.0,116.8709138323133,1037,1341,805,1057,62,-11250
867,21.0,26.0,154.94936979542703,1037,1341,99,213,48,7500
868,21.0,27.0,162.61717283239184,1037,1341,320,400,13,2500
869,21.0,28.0,105.60660822126614,1037,1341,449,644,20,3750
870,21.0,20.0,184.85244115239593,1037,1341,326,485,41,7000
871,21.0,29.0,190.93393307633923,1037,1341,873,985,62,-11000
872,21.0,31.0,50.90475125172501,1037,1341,967,1073,48,-8250
873,21.0,32.0,164.27933588860162,1037,1341,839,1019,69,-12000
874,21.0,33.0,109.34993049837755,1037,1341,438,626,20,3250
875,21.0,34.0,116.16033273023972,1037,1341,1125,1269,6,-1250
876,21.0,35.0,209.53044122513558,1037,1341,423,642,13,1500
877,21.0,36.0,39.459707297444574,1037,1341,968,1144,13,-2000
878,21.0,37.0,161.66754807319865,1037,1341,67,292,34,5750
879,21.0,30.0,188.6347672090169,1037,1341,221,429,20,3250
880,21.0,40.1,25.100639434086133,1037,1341,815,1010,32,-5250
881,21.0,40.2,25.100639434086133,1037,1341,815,1010,32,-5250
882,21.0,18.0,73.1131568187286,1037,1341,834,973,62,-10250
883,21.0,1.0,186.98878174906642,1037,1341,162,234,13,5000
884,21.0,2.0,97.29045431079042,1037,1341,1318,1433,20,-3250
885,21.0,3.0,97.84210238951327,1037,1341,1055,1136,34,-5500
886,21.0,4.0,12.543077772221613,1037,1341,1229,1312,69,-12500
887,21.0,5.0,63.566980422228646,1037,1341,596,698,13,1500
888,21.0,6.0,195.23975517296677,1037,1341,161,253,20,3250
889,21.0,7.0,40.10086906788929,1037,1341,1026,1105,6,-750
890,21.0,8.0,140.9174879140272,1037,1341,500,627,62,9500
891,21.0,9.0,177.2985518835391,1037,1341,1024,1143,13,-2000
892,21.0,10.0,208.5988871015375,1037,1341,1108,1187,13,-2000
893,21.0,11.0,12.81551013420846,1037,1341,277,340,20,2500
894,21.0,12.0,67.67573050954086,1037,1341,696,809,20,3250
895,21.0,13.0,127.0911877354209,1037,1341,1136,1328,34,-3000
896,21.0,14.0,120.3520070459982,1037,1341,4,189,27,4500
897,21.0,15.0,215.05626449838655,1037,1341,1046,1313,55,-9750
898,21.0,16.0,136.09010617969255,1037,1341,94,221,48,7500
899,21.0,17.0,143.7766896962091,1037,1341,21,258,27,4000
900,21.0,38.0,119.43771807934041,1037,1341,764,965,55,-8750
901,21.0,39.0,140.09246375162368,1037,1341,353,577,48,8750
902,22.0,2.0,60.09486666929213,962,1262,1318,1433,20,-3250
903,22.0,1.0,155.8319158580809,962,1262,162,234,13,5000
904,22.0,21.0,37.20782847735138,962,1262,1037,1341,62,-10000
905,22.0,24.0,187.39093174430826,962,1262,1178,1251,41,-6750
906,22.0,23.0,129.45516173563723,962,1262,1200,1320,41,-6500
907,22.0,20.0,157.19355107637207,962,1262,326,485,41,7000
908,22.0,19.0,28.025648966616284,962,1262,735,816,62,-10750
909,22.0,18.0,36.01073728764796,962,1262,834,973,62,-10250
910,22.0,17.0,108.7132926554982,962,1262,21,258,27,4000
911,22.0,16.0,107.73134409260844,962,1262,94,221,48,7500
912,22.0,15.0,177.8488133218774,962,1262,1046,1313,55,-9750
913,22.0,14.0,105.3180236236894,962,1262,4,189,27,4500
914,22.0,13.0,92.95396979150486,962,1262,1136,1328,34,-3000
915,22.0,12.0,35.33752962503179,962,1262,696,809,20,3250
916,22.0,11.0,43.551243380642994,962,1262,277,340,20,2500
917,22.0,10.0,171.39266378698943,962,1262,1108,1187,13,-2000
918,22.0,9.0,148.39401942126912,962,1262,1024,1143,13,-2000
919,22.0,8.0,105.21516478150856,962,1262,500,627,62,9500
920,22.0,7.0,39.40950646734871,962,1262,1026,1105,6,-750
921,22.0,3.0,73.38864012910989,962,1262,1055,1136,34,-5500
922,22.0,4.0,41.04857244777217,962,1262,1229,1312,69,-12500
923,22.0,25.0,80.29098330447822,962,1262,805,1057,62,-11250
924,22.0,26.0,117.81476011094705,962,1262,99,213,48,7500
925,22.0,0.0,81.76784942751031,962,1262,0,0,0,0
926,22.0,40.2,42.547709691592104,962,1262,815,1010,32,-5250
927,22.0,40.1,42.547709691592104,962,1262,815,1010,32,-5250
928,22.0,39.0,103.50172414022869,962,1262,353,577,48,8750
929,22.0,38.0,91.93269277030885,962,1262,764,965,55,-8750
930,22.0,37.0,127.57464716784443,962,1262,67,292,34,5750
931,22.0,36.0,39.2187837649257,962,1262,968,1144,13,-2000
932,22.0,6.0,159.6533385181782,962,1262,161,253,20,3250
933,22.0,35.0,172.32715195232583,962,1262,423,642,13,1500
934,22.0,33.0,78.78495287807183,962,1262,438,626,20,3250
935,22.0,32.0,128.24585646327915,962,1262,839,1019,69,-12000
936,22.0,31.0,33.784304047885904,962,1262,967,1073,48,-8250
937,22.0,30.0,161.1045402836307,962,1262,221,429,20,3250
938,22.0,29.0,155.39187655730268,962,1262,873,985,62,-11000
939,22.0,28.0,82.27417699375667,962,1262,449,644,20,3750
940,22.0,27.0,132.44292129064505,962,1262,320,400,13,2500
941,22.0,34.0,91.85202447415081,962,1262,1125,1269,6,-1250
942,22.0,5.0,30.663863096485407,962,1262,596,698,13,1500
943,23.0,4.0,168.10482265538963,1200,1320,1229,1312,69,-12500
944,23.0,2.0,70.15448168150057,1200,1320,1318,1433,20,-3250
945,23.0,1.0,104.44176415591609,1200,1320,162,234,13,5000
946,23.0,3.0,104.95911013342291,1200,1320,1055,1136,34,-5500
947,23.0,24.0,76.40919447291667,1200,1320,1178,1251,41,-6750
948,23.0,22.0,129.45516173563723,1200,1320,962,1262,27,-4750
949,23.0,21.0,166.55421759895484,1200,1320,1037,1341,62,-10000
950,23.0,20.0,104.51571365110607,1200,1320,326,485,41,7000
951,23.0,19.0,150.13909717325464,1200,1320,735,816,62,-10750
952,23.0,18.0,94.37676461926421,1200,1320,834,973,62,-10250
953,23.0,17.0,60.22339827674954,1200,1320,21,258,27,4000
954,23.0,16.0,86.29335316233806,1200,1320,94,221,48,7500
955,23.0,15.0,50.35390848782248,1200,1320,1046,1313,55,-9750
956,23.0,14.0,152.22908854749147,1200,1320,4,189,27,4500
957,23.0,13.0,71.61551368244173,1200,1320,1136,1328,34,-3000
958,23.0,12.0,103.56788160428889,1200,1320,696,809,20,3250
959,23.0,11.0,170.85453608259866,1200,1320,277,340,20,2500
960,23.0,10.0,43.458298402031346,1200,1320,1108,1187,13,-2000
961,23.0,9.0,93.06911249173918,1200,1320,1024,1143,13,-2000
962,23.0,8.0,54.19632644377292,1200,1320,500,627,62,9500
963,23.0,5.0,110.47288174027143,1200,1320,596,698,13,1500
964,23.0,25.0,51.068856458706804,1200,1320,805,1057,62,-11250
965,23.0,26.0,11.783081091123826,1200,1320,99,213,48,7500
966,23.0,35.0,45.596780588107315,1200,1320,423,642,13,1500
967,23.0,0.0,50.604234012580406,1200,1320,0,0,0,0
968,23.0,40.2,164.00827692528205,1200,1320,815,1010,32,-5250
969,23.0,40.1,164.00827692528205,1200,1320,815,1010,32,-5250
970,23.0,39.0,43.18410124108177,1200,1320,353,577,48,8750
971,23.0,38.0,106.90936394909474,1200,1320,764,965,55,-8750
972,23.0,37.0,70.29487961437873,1200,1320,67,292,34,5750
973,23.0,36.0,154.2965083856404,1200,1320,968,1144,13,-2000
974,23.0,7.0,153.97412672264127,1200,1320,1026,1105,6,-750
975,23.0,6.0,45.988374617940124,1200,1320,161,253,20,3250
976,23.0,33.0,81.56530451117068,1200,1320,438,626,20,3250
977,23.0,32.0,47.748646054102934,1200,1320,839,1019,69,-12000
978,23.0,31.0,130.05849645448004,1200,1320,967,1073,48,-8250
979,23.0,30.0,107.30248272989773,1200,1320,221,429,20,3250
980,23.0,29.0,43.53886769313139,1200,1320,873,985,62,-11000
981,23.0,28.0,107.34184505587744,1200,1320,449,644,20,3750
982,23.0,27.0,100.79600835350574,1200,1320,320,400,13,2500
983,23.0,34.0,103.58263609312132,1200,1320,1125,1269,6,-1250
984,24.0,3.0,179.5995172599303,1178,1251,1055,1136,34,-5500
985,24.0,5.0,160.9027165712251,1178,1251,596,698,13,1500
986,24.0,4.0,228.3515780545429,1178,1251,1229,1312,69,-12500
987,24.0,1.0,75.81752897582459,1178,1251,162,234,13,5000
988,24.0,2.0,129.07910791448785,1178,1251,1318,1433,20,-3250
989,24.0,8.0,83.29949819776827,1178,1251,500,627,62,9500
990,24.0,25.0,120.65058847763653,1178,1251,805,1057,62,-11250
991,24.0,23.0,76.40919447291667,1178,1251,1200,1320,41,-6500
992,24.0,22.0,187.39093174430826,1178,1251,962,1262,27,-4750
993,24.0,21.0,223.74778836895794,1178,1251,1037,1341,62,-10000
994,24.0,20.0,173.68011342695513,1178,1251,326,485,41,7000
995,24.0,19.0,212.53090245891303,1178,1251,735,816,62,-10750
996,24.0,18.0,151.73942302513214,1178,1251,834,973,62,-10250
997,24.0,26.0,83.05250869179088,1178,1251,99,213,48,7500
998,24.0,17.0,81.91764706093552,1178,1251,21,258,27,4000
999,24.0,15.0,42.88159162158046,1178,1251,1046,1313,55,-9750
1000,24.0,14.0,165.8488227272054,1178,1251,4,189,27,4500
1001,24.0,13.0,99.92575844095455,1178,1251,1136,1328,34,-3000
1002,24.0,12.0,169.98750101110377,1178,1251,696,809,20,3250
1003,24.0,11.0,230.9094248834378,1178,1251,277,340,20,2500
1004,24.0,10.0,46.57908650886146,1178,1251,1108,1187,13,-2000
1005,24.0,6.0,100.03524378937655,1178,1251,161,253,20,3250
1006,24.0,16.0,162.5526456259633,1178,1251,94,221,48,7500
1007,24.0,7.0,200.30562273685678,1178,1251,1026,1105,6,-750
1008,24.0,27.0,91.48624213508828,1178,1251,320,400,13,2500
1009,24.0,37.0,69.75492312374804,1178,1251,67,292,34,5750
1010,24.0,0.0,107.38065794173548,1178,1251,0,0,0,0
1011,24.0,40.2,227.2911491897562,1178,1251,815,1010,32,-5250
1012,24.0,40.1,227.2911491897562,1178,1251,815,1010,32,-5250
1013,24.0,39.0,83.94482950128614,1178,1251,353,577,48,8750
1014,24.0,38.0,125.5766479087573,1178,1251,764,965,55,-8750
1015,24.0,28.0,182.85868450801019,1178,1251,449,644,20,3750
1016,24.0,36.0,200.8092191608742,1178,1251,968,1144,13,-2000
1017,24.0,9.0,163.3183764920531,1178,1251,1024,1143,13,-2000
1018,24.0,34.0,179.75,1178,1251,1125,1269,6,-1250
1019,24.0,33.0,156.5699655106304,1178,1251,438,626,20,3250
1020,24.0,32.0,59.6788488494877,1178,1251,839,1019,69,-12000
1021,24.0,31.0,197.17117563173375,1178,1251,967,1073,48,-8250
1022,24.0,30.0,175.70124928411863,1178,1251,221,429,20,3250
1023,24.0,29.0,100.90495527970863,1178,1251,873,985,62,-11000
1024,24.0,35.0,41.77150464132217,1178,1251,423,642,13,1500
1025,25.0,1.0,120.25776648516303,805,1057,162,234,13,5000
1026,25.0,2.0,26.833594615705145,805,1057,1318,1433,20,-3250
1027,25.0,4.0,117.56627960431513,805,1057,1229,1312,69,-12500
1028,25.0,6.0,80.26750587878011,805,1057,161,253,20,3250
1029,25.0,0.0,24.29322539310085,805,1057,0,0,0,0
1030,25.0,21.0,116.8709138323133,805,1057,1037,1341,62,-10000
1031,25.0,20.0,100.64876800040824,805,1057,326,485,41,7000
1032,25.0,19.0,99.30812756265219,805,1057,735,816,62,-10750
1033,25.0,18.0,47.668522108410286,805,1057,834,973,62,-10250
1034,25.0,17.0,63.444050942543065,805,1057,21,258,27,4000
1035,25.0,16.0,60.42004054947332,805,1057,94,221,48,7500
1036,25.0,15.0,101.2545070601798,805,1057,1046,1313,55,-9750
1037,25.0,14.0,130.06683089858075,805,1057,4,189,27,4500
1038,25.0,13.0,60.979377661632455,805,1057,1136,1328,34,-3000
1039,25.0,12.0,52.50090475410877,805,1057,696,809,20,3250
1040,25.0,11.0,120.33720954052409,805,1057,277,340,20,2500
1041,25.0,10.0,94.427695089947,805,1057,1108,1187,13,-2000
1042,25.0,9.0,89.21204515086514,805,1057,1024,1143,13,-2000
1043,25.0,8.0,56.111365158940835,805,1057,500,627,62,9500
1044,25.0,7.0,109.73672129237323,805,1057,1026,1105,6,-750
1045,25.0,22.0,80.29098330447822,805,1057,962,1262,27,-4750
1046,25.0,3.0,60.84731136213004,805,1057,1055,1136,34,-5500
1047,25.0,23.0,51.068856458706804,805,1057,1200,1320,41,-6500
1048,25.0,26.0,40.27032778610078,805,1057,99,213,48,7500
1049,25.0,40.2,113.00996416245782,805,1057,815,1010,32,-5250
1050,25.0,40.1,113.00996416245782,805,1057,815,1010,32,-5250
1051,25.0,39.0,45.67349012282727,805,1057,353,577,48,8750
1052,25.0,38.0,89.76218580226308,805,1057,764,965,55,-8750
1053,25.0,37.0,83.1579954063348,805,1057,67,292,34,5750
1054,25.0,36.0,109.93838365193477,805,1057,968,1144,13,-2000
1055,25.0,35.0,96.23595429983536,805,1057,423,642,13,1500
1056,25.0,34.0,66.41297764744478,805,1057,1125,1269,6,-1250
1057,25.0,33.0,40.02519706384967,805,1057,438,626,20,3250
1058,25.0,32.0,70.01935803761698,805,1057,839,1019,69,-12000
1059,25.0,31.0,79.08183356498508,805,1057,967,1073,48,-8250
1060,25.0,30.0,104.43497737827111,805,1057,221,429,20,3250
1061,25.0,29.0,76.12662149340402,805,1057,873,985,62,-11000
1062,25.0,28.0,66.04817181421451,805,1057,449,644,20,3750
1063,25.0,27.0,105.80907806043867,805,1057,320,400,13,2500
1064,25.0,24.0,120.65058847763653,805,1057,1178,1251,41,-6750
1065,25.0,5.0,67.01409478609705,805,1057,596,698,13,1500
1066,26.0,23.0,11.783081091123826,99,213,1200,1320,41,-6500
1067,26.0,40.2,152.8649014653135,99,213,815,1010,32,-5250
1068,26.0,21.0,154.94936979542703,99,213,1037,1341,62,-10000
1069,26.0,22.0,117.81476011094705,99,213,962,1262,27,-4750
1070,26.0,24.0,83.05250869179088,99,213,1178,1251,41,-6750
1071,26.0,25.0,40.27032778610078,99,213,805,1057,62,-11250
1072,26.0,27.0,95.53249970559757,99,213,320,400,13,2500
1073,26.0,28.0,99.80833081461687,99,213,449,644,20,3750
1074,26.0,29.0,51.58973928990144,99,213,873,985,62,-11000
1075,26.0,20.0,105.62738376008372,99,213,326,485,41,7000
1076,26.0,30.0,108.70591980200525,99,213,221,429,20,3250
1077,26.0,32.0,44.97380793306255,99,213,839,1019,69,-12000
1078,26.0,33.0,73.53914943756148,99,213,438,626,20,3250
1079,26.0,34.0,96.99243527203551,99,213,1125,1269,6,-1250
1080,26.0,35.0,55.97332400349294,99,213,423,642,13,1500
1081,26.0,36.0,142.54170372210376,99,213,968,1144,13,-2000
1082,26.0,37.0,66.01401745084145,99,213,67,292,34,5750
1083,26.0,38.0,97.6235284140048,99,213,764,965,55,-8750
1084,26.0,31.0,119.34248572909817,99,213,967,1073,48,-8250
1085,26.0,19.0,138.8683380040245,99,213,735,816,62,-10750
1086,26.0,18.0,82.631403836556,99,213,834,973,62,-10250
1087,26.0,17.0,53.094373524884915,99,213,21,258,27,4000
1088,26.0,0.0,38.93086821533782,99,213,0,0,0,0
1089,26.0,1.0,101.88699082807383,99,213,162,234,13,5000
1090,26.0,2.0,58.38659178270299,99,213,1318,1433,20,-3250
1091,26.0,3.0,96.68146978609705,99,213,1055,1136,34,-5500
1092,26.0,4.0,156.69149562117275,99,213,1229,1312,69,-12500
1093,26.0,5.0,98.70843631625415,99,213,596,698,13,1500
1094,26.0,6.0,54.61376017085803,99,213,161,253,20,3250
1095,26.0,7.0,142.2226666182293,99,213,1026,1105,6,-750
1096,26.0,8.0,46.37369081710016,99,213,500,627,62,9500
1097,26.0,9.0,93.89373834287353,99,213,1024,1143,13,-2000
1098,26.0,10.0,54.29082150787553,99,213,1108,1187,13,-2000
1099,26.0,11.0,159.4322668094511,99,213,277,340,20,2500
1100,26.0,12.0,92.61775909619062,99,213,696,809,20,3250
1101,26.0,13.0,62.45299352312906,99,213,1136,1328,34,-3000
1102,26.0,14.0,142.66911929355982,99,213,4,189,27,4500
1103,26.0,15.0,61.05739676730412,99,213,1046,1313,55,-9750
1104,26.0,16.0,81.85227302891471,99,213,94,221,48,7500
1105,26.0,39.0,34.42590884784308,99,213,353,577,48,8750
1106,26.0,40.1,152.8649014653135,99,213,815,1010,32,-5250
1107,27.0,2.0,93.16336833756067,320,400,1318,1433,20,-3250
1108,27.0,0.0,81.6272319756097,320,400,0,0,0,0
1109,27.0,19.0,160.46336528940182,320,400,735,816,62,-10750
1110,27.0,18.0,104.6047083070356,320,400,834,973,62,-10250
1111,27.0,17.0,43.85677826744687,320,400,21,258,27,4000
1112,27.0,16.0,165.79557804718436,320,400,94,221,48,7500
1113,27.0,15.0,114.37668381274219,320,400,1046,1313,55,-9750
1114,27.0,14.0,75.7955176774986,320,400,4,189,27,4500
1115,27.0,13.0,46.42585594256718,320,400,1136,1328,34,-3000
1116,27.0,20.0,199.48721487854803,320,400,326,485,41,7000
1117,27.0,12.0,132.55762520504052,320,400,696,809,20,3250
1118,27.0,10.0,112.18244158512508,320,400,1108,1187,13,-2000
1119,27.0,9.0,187.6281450102836,320,400,1024,1143,13,-2000
1120,27.0,8.0,51.39877527723789,320,400,500,627,62,9500
1121,27.0,7.0,129.18368705064893,320,400,1026,1105,6,-750
1122,27.0,6.0,146.01041914877172,320,400,161,253,20,3250
1123,27.0,5.0,101.78455334676279,320,400,596,698,13,1500
1124,27.0,4.0,171.0454410383393,320,400,1229,1312,69,-12500
1125,27.0,11.0,173.04670178885235,320,400,277,340,20,2500
1126,27.0,21.0,162.61717283239184,320,400,1037,1341,62,-10000
1127,27.0,22.0,132.44292129064505,320,400,962,1262,27,-4750
1128,27.0,23.0,100.79600835350574,320,400,1200,1320,41,-6500
1129,27.0,40.2,174.89660088177814,320,400,815,1010,32,-5250
1130,27.0,40.1,174.89660088177814,320,400,815,1010,32,-5250
1131,27.0,39.0,63.799069742434334,320,400,353,577,48,8750
1132,27.0,38.0,44.3389332302887,320,400,764,965,55,-8750
1133,27.0,37.0,30.98609365505759,320,400,67,292,34,5750
1134,27.0,36.0,129.8115464818134,320,400,968,1144,13,-2000
1135,27.0,35.0,109.13987584746467,320,400,423,642,13,1500
1136,27.0,34.0,171.09775509924145,320,400,1125,1269,6,-1250
1137,27.0,33.0,144.56116006728777,320,400,438,626,20,3250
1138,27.0,32.0,54.14270495643896,320,400,839,1019,69,-12000
1139,27.0,31.0,155.84799068322954,320,400,967,1073,48,-8250
1140,27.0,30.0,202.8335339631985,320,400,221,429,20,3250
1141,27.0,29.0,144.03123445975183,320,400,873,985,62,-11000
1142,27.0,28.0,168.66929773968943,320,400,449,644,20,3750
1143,27.0,26.0,95.53249970559757,320,400,99,213,48,7500
1144,27.0,25.0,105.80907806043867,320,400,805,1057,62,-11250
1145,27.0,24.0,91.48624213508828,320,400,1178,1251,41,-6750
1146,27.0,1.0,25.04671235911013,320,400,162,234,13,5000
1147,27.0,3.0,161.56499528053718,320,400,1055,1136,34,-5500
1148,28.0,23.0,107.34184505587744,449,644,1200,1320,41,-6500
1149,28.0,2.0,76.28988137361335,449,644,1318,1433,20,-3250
1150,28.0,24.0,182.85868450801019,449,644,1178,1251,41,-6750
1151,28.0,25.0,66.04817181421451,449,644,805,1057,62,-11250
1152,28.0,26.0,99.80833081461687,449,644,99,213,48,7500
1153,28.0,27.0,168.66929773968943,449,644,320,400,13,2500
1154,28.0,29.0,108.51218595162482,449,644,873,985,62,-11000
1155,28.0,30.0,83.75065671384316,449,644,221,429,20,3250
1156,28.0,31.0,54.72397829105629,449,644,967,1073,48,-8250
1157,28.0,32.0,135.95941490018262,449,644,839,1019,69,-12000
1158,28.0,33.0,26.52742354620968,449,644,438,626,20,3250
1159,28.0,34.0,10.711685208220041,449,644,1125,1269,6,-1250
1160,28.0,35.0,151.66532134934474,449,644,423,642,13,1500
1161,28.0,36.0,121.48460972485361,449,644,968,1144,13,-2000
1162,28.0,37.0,148.6693364483746,449,644,67,292,34,5750
1163,28.0,38.0,143.085013191459,449,644,764,965,55,-8750
1164,28.0,39.0,111.61474140990516,449,644,353,577,48,8750
1165,28.0,40.1,88.19490348087014,449,644,815,1010,32,-5250
1166,28.0,40.2,88.19490348087014,449,644,815,1010,32,-5250
1167,28.0,22.0,82.27417699375667,449,644,962,1262,27,-4750
1168,28.0,0.0,88.30458312001704,449,644,0,0,0,0
1169,28.0,21.0,105.60660822126614,449,644,1037,1341,62,-10000
1170,28.0,19.0,81.13421226584997,449,644,735,816,62,-10750
1171,28.0,1.0,185.32079915648973,449,644,162,234,13,5000
1172,28.0,3.0,9.1292113569574,449,644,1055,1136,34,-5500
1173,28.0,4.0,99.14868884660049,449,644,1229,1312,69,-12500
1174,28.0,5.0,93.53990645708386,449,644,596,698,13,1500
1175,28.0,6.0,112.63152533815743,449,644,161,253,20,3250
1176,28.0,7.0,121.66077839632624,449,644,1026,1105,6,-750
1177,28.0,8.0,121.38336665293149,449,644,500,627,62,9500
1178,28.0,9.0,74.01479852029593,449,644,1024,1143,13,-2000
1179,28.0,10.0,148.58478858887273,449,644,1108,1187,13,-2000
1180,28.0,11.0,101.63889511402611,449,644,277,340,20,2500
1181,28.0,12.0,50.011998560345496,449,644,696,809,20,3250
1182,28.0,13.0,122.31175454550555,449,644,1136,1328,34,-3000
1183,28.0,14.0,174.03753187172012,449,644,4,189,27,4500
1184,28.0,15.0,155.52976885471153,449,644,1046,1313,55,-9750
1185,28.0,16.0,34.5819100108713,449,644,94,221,48,7500
1186,28.0,17.0,128.41508400495636,449,644,21,258,27,4000
1187,28.0,18.0,75.71779843603484,449,644,834,973,62,-10250
1188,28.0,20.0,80.11042191874913,449,644,326,485,41,7000
1189,29.0,1.0,145.73172509786605,873,985,162,234,13,5000
1190,29.0,2.0,101.60003986219691,873,985,1318,1433,20,-3250
1191,29.0,0.0,86.87040750451214,873,985,0,0,0,0
1192,29.0,19.0,170.8906682648295,873,985,735,816,62,-10750
1193,29.0,18.0,123.79046207200295,873,985,834,973,62,-10250
1194,29.0,17.0,103.69537549958531,873,985,21,258,27,4000
1195,29.0,16.0,77.3799366761178,873,985,94,221,48,7500
1196,29.0,15.0,60.402325286366256,873,985,1046,1313,55,-9750
1197,29.0,14.0,194.1270563316716,873,985,4,189,27,4500
1198,29.0,13.0,114.04226935658549,873,985,1136,1328,34,-3000
1199,29.0,20.0,73.53003331972589,873,985,326,485,41,7000
1200,29.0,12.0,123.66882590208415,873,985,696,809,20,3250
1201,29.0,10.0,54.978698602276864,873,985,1108,1187,13,-2000
1202,29.0,9.0,64.09486796928441,873,985,1024,1143,13,-2000
1203,29.0,8.0,97.4523493816337,873,985,500,627,62,9500
1204,29.0,7.0,185.8055663859401,873,985,1026,1105,6,-750
1205,29.0,6.0,4.343731115066852,873,985,161,253,20,3250
1206,29.0,5.0,142.74085680000664,873,985,596,698,13,1500
1207,29.0,4.0,189.89160381649316,873,985,1229,1312,69,-12500
1208,29.0,11.0,192.68064900243618,873,985,277,340,20,2500
1209,29.0,21.0,190.93393307633923,873,985,1037,1341,62,-10000
1210,29.0,22.0,155.39187655730268,873,985,962,1262,27,-4750
1211,29.0,32.0,90.28012516606299,873,985,839,1019,69,-12000
1212,29.0,40.1,183.12402491207976,873,985,815,1010,32,-5250
1213,29.0,39.0,85.89193442925826,873,985,353,577,48,8750
1214,29.0,38.0,149.195886337392,873,985,764,965,55,-8750
1215,29.0,37.0,113.26246200749831,873,985,67,292,34,5750
1216,29.0,36.0,186.01972610451827,873,985,968,1144,13,-2000
1217,29.0,35.0,59.62907512279559,873,985,423,642,13,1500
1218,29.0,34.0,101.01000198000196,873,985,1125,1269,6,-1250
1219,29.0,33.0,88.15266360127754,873,985,438,626,20,3250
1220,29.0,40.2,183.12402491207976,873,985,815,1010,32,-5250
1221,29.0,31.0,146.93234667696558,873,985,967,1073,48,-8250
1222,29.0,30.0,75.22056234833664,873,985,221,429,20,3250
1223,29.0,28.0,108.51218595162482,873,985,449,644,20,3750
1224,29.0,27.0,144.03123445975183,873,985,320,400,13,2500
1225,29.0,26.0,51.58973928990144,873,985,99,213,48,7500
1226,29.0,25.0,76.12662149340402,873,985,805,1057,62,-11250
1227,29.0,24.0,100.90495527970863,873,985,1178,1251,41,-6750
1228,29.0,23.0,43.53886769313139,873,985,1200,1320,41,-6500
1229,29.0,3.0,109.80627759832313,873,985,1055,1136,34,-5500
1230,30.0,2.0,129.29418277710718,221,429,1318,1433,20,-3250
1231,30.0,3.0,90.88748648741476,221,429,1055,1136,34,-5500
1232,30.0,40.2,171.9426372369576,221,429,815,1010,32,-5250
1233,30.0,19.0,164.45950899841577,221,429,735,816,62,-10750
1234,30.0,18.0,142.2012675752224,221,429,834,973,62,-10250
1235,30.0,17.0,159.08914639283222,221,429,21,258,27,4000
1236,30.0,16.0,53.37463067787917,221,429,94,221,48,7500
1237,30.0,15.0,135.5956831908745,221,429,1046,1313,55,-9750
1238,30.0,14.0,234.26985508169847,221,429,4,189,27,4500
1239,30.0,13.0,162.61262743095935,221,429,1136,1328,34,-3000
1240,30.0,20.0,3.957827687002052,221,429,326,485,41,7000
1241,30.0,12.0,125.89532358272884,221,429,696,809,20,3250
1242,30.0,10.0,130.1787144659218,221,429,1108,1187,13,-2000
1243,30.0,9.0,15.369232251482176,221,429,1024,1143,13,-2000
1244,30.0,8.0,151.64564814065716,221,429,500,627,62,9500
1245,30.0,7.0,199.207907724568,221,429,1026,1105,6,-750
1246,30.0,6.0,76.87054702550255,221,429,161,253,20,3250
1247,30.0,5.0,162.83011637900404,221,429,596,698,13,1500
1248,30.0,4.0,182.78552294971283,221,429,1229,1312,69,-12500
1249,30.0,11.0,185.3116361699934,221,429,277,340,20,2500
1250,30.0,0.0,126.76402683726957,221,429,0,0,0,0
1251,30.0,21.0,188.6347672090169,221,429,1037,1341,62,-10000
1252,30.0,23.0,107.30248272989773,221,429,1200,1320,41,-6500
1253,30.0,40.1,171.9426372369576,221,429,815,1010,32,-5250
1254,30.0,39.0,139.13263384267546,221,429,353,577,48,8750
1255,30.0,38.0,193.92994740369525,221,429,764,965,55,-8750
1256,30.0,37.0,174.4414070683907,221,429,67,292,34,5750
1257,30.0,36.0,199.16577542338945,221,429,968,1144,13,-2000
1258,30.0,35.0,134.79442866825022,221,429,423,642,13,1500
1259,30.0,34.0,73.0390943262579,221,429,1125,1269,6,-1250
1260,30.0,22.0,161.1045402836307,221,429,962,1262,27,-4750
1261,30.0,33.0,82.83365559964139,221,429,438,626,20,3250
1262,30.0,31.0,137.841509350413,221,429,967,1073,48,-8250
1263,30.0,29.0,75.22056234833664,221,429,873,985,62,-11000
1264,30.0,28.0,83.75065671384316,221,429,449,644,20,3750
1265,30.0,27.0,202.8335339631985,221,429,320,400,13,2500
1266,30.0,26.0,108.70591980200525,221,429,99,213,48,7500
1267,30.0,25.0,104.43497737827111,221,429,805,1057,62,-11250
1268,30.0,24.0,175.70124928411863,221,429,1178,1251,41,-6750
1269,30.0,32.0,153.6197513342604,221,429,839,1019,69,-12000
1270,30.0,1.0,210.58974167798397,221,429,162,234,13,5000
1271,31.0,22.0,33.784304047885904,967,1073,962,1262,27,-4750
1272,31.0,40.2,36.42893904576415,967,1073,815,1010,32,-5250
1273,31.0,17.0,124.92095740907529,967,1073,21,258,27,4000
1274,31.0,16.0,85.72176444754272,967,1073,94,221,48,7500
1275,31.0,15.0,180.32756084414828,967,1073,1046,1313,55,-9750
1276,31.0,14.0,138.06526753677045,967,1073,4,189,27,4500
1277,31.0,13.0,112.02927340655208,967,1073,1136,1328,34,-3000
1278,31.0,12.0,27.19403243360572,967,1073,696,809,20,3250
1279,31.0,11.0,48.01968346417956,967,1073,277,340,20,2500
1280,31.0,18.0,51.33940786569318,967,1073,834,973,62,-10250
1281,31.0,10.0,173.48351045560497,967,1073,1108,1187,13,-2000
1282,31.0,8.0,119.79257280816704,967,1073,500,627,62,9500
1283,31.0,7.0,71.40480936183499,967,1073,1026,1105,6,-750
1284,31.0,6.0,151.27529507490638,967,1073,161,253,20,3250
1285,31.0,5.0,58.36287604290933,967,1073,596,698,13,1500
1286,31.0,4.0,45.36571943659661,967,1073,1229,1312,69,-12500
1287,31.0,3.0,46.97325728539592,967,1073,1055,1136,34,-5500
1288,31.0,2.0,69.13406830210413,967,1073,1318,1433,20,-3250
1289,31.0,9.0,126.85103468241796,967,1073,1024,1143,13,-2000
1290,31.0,19.0,26.636309804475538,967,1073,735,816,62,-10750
1291,31.0,20.0,134.0861652073024,967,1073,326,485,41,7000
1292,31.0,21.0,50.90475125172501,967,1073,1037,1341,62,-10000
1293,31.0,40.1,36.42893904576415,967,1073,815,1010,32,-5250
1294,31.0,39.0,114.67561074613904,967,1073,353,577,48,8750
1295,31.0,38.0,119.25050272430721,967,1073,764,965,55,-8750
1296,31.0,37.0,145.24553349414913,967,1073,67,292,34,5750
1297,31.0,36.0,71.08463265713624,967,1073,968,1144,13,-2000
1298,31.0,35.0,175.3146522684285,967,1073,423,642,13,1500
1299,31.0,34.0,65.25657055040512,967,1073,1125,1269,6,-1250
1300,31.0,33.0,60.77352054966045,967,1073,438,626,20,3250
1301,31.0,32.0,140.76322424553936,967,1073,839,1019,69,-12000
1302,31.0,30.0,137.841509350413,967,1073,221,429,20,3250
1303,31.0,29.0,146.93234667696558,967,1073,873,985,62,-11000
1304,31.0,28.0,54.72397829105629,967,1073,449,644,20,3750
1305,31.0,27.0,155.84799068322954,967,1073,320,400,13,2500
1306,31.0,26.0,119.34248572909817,967,1073,99,213,48,7500
1307,31.0,25.0,79.08183356498508,967,1073,805,1057,62,-11250
1308,31.0,24.0,197.17117563173375,967,1073,1178,1251,41,-6750
1309,31.0,23.0,130.05849645448004,967,1073,1200,1320,41,-6500
1310,31.0,0.0,90.07876775356111,967,1073,0,0,0,0
1311,31.0,1.0,177.47276636149,967,1073,162,234,13,5000
1312,32.0,21.0,164.27933588860162,839,1019,1037,1341,62,-10000
1313,32.0,0.0,51.10376600603912,839,1019,0,0,0,0
1314,32.0,23.0,47.748646054102934,839,1019,1200,1320,41,-6500
1315,32.0,24.0,59.6788488494877,839,1019,1178,1251,41,-6750
1316,32.0,25.0,70.01935803761698,839,1019,805,1057,62,-11250
1317,32.0,26.0,44.97380793306255,839,1019,99,213,48,7500
1318,32.0,27.0,54.14270495643896,839,1019,320,400,13,2500
1319,32.0,28.0,135.95941490018262,839,1019,449,644,20,3750
1320,32.0,29.0,90.28012516606299,839,1019,873,985,62,-11000
1321,32.0,30.0,153.6197513342604,839,1019,221,429,20,3250
1322,32.0,31.0,140.76322424553936,839,1019,967,1073,48,-8250
1323,32.0,33.0,109.63256678560435,839,1019,438,626,20,3250
1324,32.0,34.0,135.4389223967763,839,1019,1125,1269,6,-1250
1325,32.0,35.0,59.39869695540467,839,1019,423,642,13,1500
1326,32.0,36.0,141.39949398777918,839,1019,968,1144,13,-2000
1327,32.0,37.0,23.160140327726857,839,1019,67,292,34,5750
1328,32.0,38.0,72.00201733284977,839,1019,764,965,55,-8750
1329,32.0,39.0,26.145611486442615,839,1019,353,577,48,8750
1330,32.0,40.1,168.9463953447957,839,1019,815,1010,32,-5250
1331,32.0,22.0,128.24585646327915,839,1019,962,1262,27,-4750
1332,32.0,40.2,168.9463953447957,839,1019,815,1010,32,-5250
1333,32.0,20.0,150.57818301467182,839,1019,326,485,41,7000
1334,32.0,18.0,93.02721376027554,839,1019,834,973,62,-10250
1335,32.0,1.0,57.01545492232786,839,1019,162,234,13,5000
1336,32.0,2.0,71.66595077161817,839,1019,1318,1433,20,-3250
1337,32.0,3.0,130.84234788477315,839,1019,1055,1136,34,-5500
1338,32.0,4.0,169.28763983232798,839,1019,1229,1312,69,-12500
1339,32.0,5.0,101.24597572249478,839,1019,596,698,13,1500
1340,32.0,6.0,92.06924024884749,839,1019,161,253,20,3250
1341,32.0,7.0,140.91136398459847,839,1019,1026,1105,6,-750
1342,32.0,8.0,23.63641681812199,839,1019,500,627,62,9500
1343,32.0,9.0,138.86095527541212,839,1019,1024,1143,13,-2000
1344,32.0,10.0,61.43747146489673,839,1019,1108,1187,13,-2000
1345,32.0,11.0,171.7959734685304,839,1019,277,340,20,2500
1346,32.0,12.0,113.91108155047954,839,1019,696,809,20,3250
1347,32.0,13.0,41.29684975878911,839,1019,1136,1328,34,-3000
1348,32.0,14.0,116.34122657080765,839,1019,4,189,27,4500
1349,32.0,15.0,65.17796023196797,839,1019,1046,1313,55,-9750
1350,32.0,16.0,124.1233096561641,839,1019,94,221,48,7500
1351,32.0,17.0,23.36277594807603,839,1019,21,258,27,4000
1352,32.0,19.0,154.08094268922423,839,1019,735,816,62,-10750
1353,33.0,1.0,160.0847388104188,438,626,162,234,13,5000
1354,33.0,2.0,54.562032586772276,438,626,1318,1433,20,-3250
1355,33.0,0.0,63.227098620765446,438,626,0,0,0,0
1356,33.0,18.0,60.89713622166481,438,626,834,973,62,-10250
1357,33.0,17.0,103.16303601581332,438,626,21,258,27,4000
1358,33.0,16.0,29.843272273663292,438,626,94,221,48,7500
1359,33.0,15.0,130.62009799414483,438,626,1046,1313,55,-9750
1360,33.0,14.0,157.60186959550956,438,626,4,189,27,4500
1361,33.0,13.0,98.60245686594224,438,626,1136,1328,34,-3000
1362,33.0,12.0,43.44876753142717,438,626,696,809,20,3250
1363,33.0,19.0,86.61815167734763,438,626,735,816,62,-10750
1364,33.0,11.0,108.46062695743557,438,626,277,340,20,2500
1365,33.0,9.0,69.66545916018929,438,626,1024,1143,13,-2000
1366,33.0,8.0,95.95075247229695,438,626,500,627,62,9500
1367,33.0,7.0,116.40741041703487,438,626,1026,1105,6,-750
1368,33.0,6.0,92.44673547508316,438,626,161,253,20,3250
1369,33.0,5.0,81.03677004915733,438,626,596,698,13,1500
1370,33.0,4.0,105.73711789149542,438,626,1229,1312,69,-12500
1371,33.0,3.0,23.440966277011704,438,626,1055,1136,34,-5500
1372,33.0,10.0,123.64417495377613,438,626,1108,1187,13,-2000
1373,33.0,20.0,78.88729492129896,438,626,326,485,41,7000
1374,33.0,21.0,109.34993049837755,438,626,1037,1341,62,-10000
1375,33.0,31.0,60.77352054966045,438,626,967,1073,48,-8250
1376,33.0,40.1,97.14656350072296,438,626,815,1010,32,-5250
1377,33.0,39.0,85.69735410151237,438,626,353,577,48,8750
1378,33.0,38.0,122.64900488793212,438,626,764,965,55,-8750
1379,33.0,37.0,123.11575447520922,438,626,67,292,34,5750
1380,33.0,36.0,116.37640740287524,438,626,968,1144,13,-2000
1381,33.0,35.0,126.48408002590682,438,626,423,642,13,1500
1382,33.0,34.0,26.578382193053056,438,626,1125,1269,6,-1250
1383,33.0,32.0,109.63256678560435,438,626,839,1019,69,-12000
1384,33.0,22.0,78.78495287807183,438,626,962,1262,27,-4750
1385,33.0,40.2,97.14656350072296,438,626,815,1010,32,-5250
1386,33.0,29.0,88.15266360127754,438,626,873,985,62,-11000
1387,33.0,28.0,26.52742354620968,438,626,449,644,20,3750
1388,33.0,27.0,144.56116006728777,438,626,320,400,13,2500
1389,33.0,26.0,73.53914943756148,438,626,99,213,48,7500
1390,33.0,25.0,40.02519706384967,438,626,805,1057,62,-11250
1391,33.0,24.0,156.5699655106304,438,626,1178,1251,41,-6750
1392,33.0,23.0,81.56530451117068,438,626,1200,1320,41,-6500
1393,33.0,30.0,82.83365559964139,438,626,221,429,20,3250
1394,34.0,2.0,80.15303986749348,1125,1269,1318,1433,20,-3250
1395,34.0,1.0,186.60999866030758,1125,1269,162,234,13,5000
1396,34.0,3.0,18.60815143962452,1125,1269,1055,1136,34,-5500
1397,34.0,5.0,101.1573630538084,1125,1269,596,698,13,1500
1398,34.0,22.0,91.85202447415081,1125,1269,962,1262,27,-4750
1399,34.0,21.0,116.16033273023972,1125,1269,1037,1341,62,-10000
1400,34.0,20.0,69.40003530258467,1125,1269,326,485,41,7000
1401,34.0,19.0,91.74214407784463,1125,1269,735,816,62,-10750
1402,34.0,18.0,82.44972528759571,1125,1269,834,973,62,-10250
1403,34.0,17.0,129.7063575928335,1125,1269,21,258,27,4000
1404,34.0,16.0,24.974012492989587,1125,1269,94,221,48,7500
1405,34.0,23.0,103.58263609312132,1125,1269,1200,1320,41,-6500
1406,34.0,15.0,150.50561318435933,1125,1269,1046,1313,55,-9750
1407,34.0,13.0,125.03994281828506,1125,1269,1136,1328,34,-3000
1408,34.0,12.0,58.505953543207895,1125,1269,696,809,20,3250
1409,34.0,11.0,112.33151828405063,1125,1269,277,340,20,2500
1410,34.0,10.0,143.6189862100412,1125,1269,1108,1187,13,-2000
1411,34.0,9.0,63.43752990147078,1125,1269,1024,1143,13,-2000
1412,34.0,8.0,122.46106034164492,1125,1269,500,627,62,9500
1413,34.0,7.0,131.1327769857712,1125,1269,1026,1105,6,-750
1414,34.0,14.0,180.6622398289139,1125,1269,4,189,27,4500
1415,34.0,6.0,105.02093172315696,1125,1269,161,253,20,3250
1416,34.0,24.0,179.75,1125,1269,1178,1251,41,-6750
1417,34.0,25.0,66.41297764744478,1125,1269,805,1057,62,-11250
1418,34.0,0.0,89.80428720278336,1125,1269,0,0,0,0
1419,34.0,40.2,98.90634155603978,1125,1269,815,1010,32,-5250
1420,34.0,40.1,98.90634155603978,1125,1269,815,1010,32,-5250
1421,34.0,39.0,112.01473162044356,1125,1269,353,577,48,8750
1422,34.0,38.0,147.8855557517366,1125,1269,764,965,55,-8750
1423,34.0,37.0,149.56947081540403,1125,1269,67,292,34,5750
1424,34.0,36.0,130.98230796561802,1125,1269,968,1144,13,-2000
1425,34.0,35.0,146.9321030272146,1125,1269,423,642,13,1500
1426,34.0,32.0,135.4389223967763,1125,1269,839,1019,69,-12000
1427,34.0,31.0,65.25657055040512,1125,1269,967,1073,48,-8250
1428,34.0,30.0,73.0390943262579,1125,1269,221,429,20,3250
1429,34.0,29.0,101.01000198000196,1125,1269,873,985,62,-11000
1430,34.0,28.0,10.711685208220041,1125,1269,449,644,20,3750
1431,34.0,27.0,171.09775509924145,1125,1269,320,400,13,2500
1432,34.0,26.0,96.99243527203551,1125,1269,99,213,48,7500
1433,34.0,33.0,26.578382193053056,1125,1269,438,626,20,3250
1434,34.0,4.0,109.8329863929776,1125,1269,1229,1312,69,-12500
1435,35.0,2.0,112.24324879474933,423,642,1318,1433,20,-3250
1436,35.0,4.0,211.99158143662214,423,642,1229,1312,69,-12500
1437,35.0,0.0,90.84603733790483,423,642,0,0,0,0
1438,35.0,20.0,132.97506833989596,423,642,326,485,41,7000
1439,35.0,19.0,194.48873926271412,423,642,735,816,62,-10750
1440,35.0,18.0,136.50103186423172,423,642,834,973,62,-10250
1441,35.0,17.0,81.73797465070932,423,642,21,258,27,4000
1442,35.0,16.0,127.11094524076202,423,642,94,221,48,7500
1443,35.0,15.0,5.924905062530545,423,642,1046,1313,55,-9750
1444,35.0,14.0,175.73908444054214,423,642,4,189,27,4500
1445,35.0,21.0,209.53044122513558,423,642,1037,1341,62,-10000
1446,35.0,13.0,98.52289581615027,423,642,1136,1328,34,-3000
1447,35.0,11.0,214.7041501694832,423,642,277,340,20,2500
1448,35.0,10.0,4.812743500333257,423,642,1108,1187,13,-2000
1449,35.0,9.0,123.04034175830299,423,642,1024,1143,13,-2000
1450,35.0,8.0,79.25538088988027,423,642,500,627,62,9500
1451,35.0,7.0,192.8669118848539,423,642,1026,1105,6,-750
1452,35.0,6.0,58.46974773333642,423,642,161,253,20,3250
1453,35.0,5.0,150.23383640179065,423,642,596,698,13,1500
1454,35.0,12.0,148.56309400386087,423,642,696,809,20,3250
1455,35.0,1.0,101.86174993588124,423,642,162,234,13,5000
1456,35.0,22.0,172.32715195232583,423,642,962,1262,27,-4750
1457,35.0,24.0,41.77150464132217,423,642,1178,1251,41,-6750
1458,35.0,40.2,208.64225674584713,423,642,815,1010,32,-5250
1459,35.0,40.1,208.64225674584713,423,642,815,1010,32,-5250
1460,35.0,39.0,73.58709805393877,423,642,353,577,48,8750
1461,35.0,38.0,131.22915415409793,423,642,764,965,55,-8750
1462,35.0,37.0,79.85746364617398,423,642,67,292,34,5750
1463,35.0,36.0,193.26715628890489,423,642,968,1144,13,-2000
1464,35.0,34.0,146.9321030272146,423,642,1125,1269,6,-1250
1465,35.0,23.0,45.596780588107315,423,642,1200,1320,41,-6500
1466,35.0,33.0,126.48408002590682,423,642,438,626,20,3250
1467,35.0,31.0,175.3146522684285,423,642,967,1073,48,-8250
1468,35.0,30.0,134.79442866825022,423,642,221,429,20,3250
1469,35.0,29.0,59.62907512279559,423,642,873,985,62,-11000
1470,35.0,28.0,151.66532134934474,423,642,449,644,20,3750
1471,35.0,27.0,109.13987584746467,423,642,320,400,13,2500
1472,35.0,26.0,55.97332400349294,423,642,99,213,48,7500
1473,35.0,25.0,96.23595429983536,423,642,805,1057,62,-11250
1474,35.0,32.0,59.39869695540467,423,642,839,1019,69,-12000
1475,35.0,3.0,149.9247824744128,423,642,1055,1136,34,-5500
1476,36.0,22.0,39.2187837649257,968,1144,962,1262,27,-4750
1477,36.0,0.0,103.79829382027432,968,1144,0,0,0,0
1478,36.0,21.0,39.459707297444574,968,1144,1037,1341,62,-10000
1479,36.0,23.0,154.2965083856404,968,1144,1200,1320,41,-6500
1480,36.0,24.0,200.8092191608742,968,1144,1178,1251,41,-6750
1481,36.0,25.0,109.93838365193477,968,1144,805,1057,62,-11250
1482,36.0,26.0,142.54170372210376,968,1144,99,213,48,7500
1483,36.0,27.0,129.8115464818134,968,1144,320,400,13,2500
1484,36.0,28.0,121.48460972485361,968,1144,449,644,20,3750
1485,36.0,20.0,195.22783741054963,968,1144,326,485,41,7000
1486,36.0,29.0,186.01972610451827,968,1144,873,985,62,-11000
1487,36.0,31.0,71.08463265713624,968,1144,967,1073,48,-8250
1488,36.0,32.0,141.39949398777918,968,1144,839,1019,69,-12000
1489,36.0,33.0,116.37640740287524,968,1144,438,626,20,3250
1490,36.0,34.0,130.98230796561802,968,1144,1125,1269,6,-1250
1491,36.0,35.0,193.26715628890489,968,1144,423,642,13,1500
1492,36.0,37.0,134.20700577838699,968,1144,67,292,34,5750
1493,36.0,38.0,85.54002688800139,968,1144,764,965,55,-8750
1494,36.0,30.0,199.16577542338945,968,1144,221,429,20,3250
1495,36.0,39.0,120.20906496599997,968,1144,353,577,48,8750
1496,36.0,19.0,53.2962475226915,968,1144,735,816,62,-10750
1497,36.0,17.0,118.9274106335457,968,1144,21,258,27,4000
1498,36.0,1.0,154.75588841785634,968,1144,162,234,13,5000
1499,36.0,2.0,84.95741286079749,968,1144,1318,1433,20,-3250
1500,36.0,3.0,112.57281421373456,968,1144,1055,1136,34,-5500
1501,36.0,4.0,51.44142396940427,968,1144,1229,1312,69,-12500
1502,36.0,5.0,43.85868785086941,968,1144,596,698,13,1500
1503,36.0,6.0,190.117720636452,968,1144,161,253,20,3250
1504,36.0,7.0,0.671863081289632,968,1144,1026,1105,6,-750
1505,36.0,18.0,62.30052487740372,968,1144,834,973,62,-10250
1506,36.0,8.0,117.83278703315135,968,1144,500,627,62,9500
1507,36.0,10.0,193.19631104138608,968,1144,1108,1187,13,-2000
1508,36.0,11.0,52.20004789269833,968,1144,277,340,20,2500
1509,36.0,12.0,73.44197165109335,968,1144,696,809,20,3250
1510,36.0,13.0,101.04416311692626,968,1144,1136,1328,34,-3000
1511,36.0,14.0,81.013624162853,968,1144,4,189,27,4500
1512,36.0,15.0,199.08275113630512,968,1144,1046,1313,55,-9750
1513,36.0,16.0,145.87099951669626,968,1144,94,221,48,7500
1514,36.0,9.0,185.95921273225483,968,1144,1024,1143,13,-2000
1515,36.0,40.1,61.75161374409579,968,1144,815,1010,32,-5250
1516,36.0,40.2,61.75161374409579,968,1144,815,1010,32,-5250
1517,37.0,1.0,37.36292547432549,67,292,162,234,13,5000
1518,37.0,19.0,154.84272795323648,67,292,735,816,62,-10750
1519,37.0,18.0,94.72099344918212,67,292,834,973,62,-10250
1520,37.0,17.0,20.7093457163668,67,292,21,258,27,4000
1521,37.0,16.0,141.11108142169417,67,292,94,221,48,7500
1522,37.0,15.0,85.36572731488909,67,292,1046,1313,55,-9750
1523,37.0,14.0,97.586325373999,67,292,4,189,27,4500
1524,37.0,13.0,34.66178443184944,67,292,1136,1328,34,-3000
1525,37.0,12.0,119.55355787261205,67,292,696,809,20,3250
1526,37.0,11.0,170.54330183270173,67,292,277,340,20,2500
1527,37.0,10.0,82.51006362862654,67,292,1108,1187,13,-2000
1528,37.0,9.0,159.42989054753815,67,292,1024,1143,13,-2000
1529,37.0,8.0,27.310886107924073,67,292,500,627,62,9500
1530,37.0,7.0,133.65148184737797,67,292,1026,1105,6,-750
1531,37.0,6.0,115.14495950757028,67,292,161,253,20,3250
1532,37.0,5.0,98.18305199982328,67,292,596,698,13,1500
1533,37.0,4.0,168.22438735213154,67,292,1229,1312,69,-12500
1534,37.0,3.0,142.53807666725405,67,292,1055,1136,34,-5500
1535,37.0,20.0,171.24521044397125,67,292,326,485,41,7000
1536,37.0,0.0,60.47843417285206,67,292,0,0,0,0
1537,37.0,21.0,161.66754807319865,67,292,1037,1341,62,-10000
1538,37.0,23.0,70.29487961437873,67,292,1200,1320,41,-6500
1539,37.0,40.2,169.71667979311877,67,292,815,1010,32,-5250
1540,37.0,40.1,169.71667979311877,67,292,815,1010,32,-5250
1541,37.0,39.0,37.82209539409471,67,292,353,577,48,8750
1542,37.0,38.0,55.833217711323066,67,292,764,965,55,-8750
1543,37.0,36.0,134.20700577838699,67,292,968,1144,13,-2000
1544,37.0,35.0,79.85746364617398,67,292,423,642,13,1500
1545,37.0,34.0,149.56947081540403,67,292,1125,1269,6,-1250
1546,37.0,33.0,123.11575447520922,67,292,438,626,20,3250
1547,37.0,32.0,23.160140327726857,67,292,839,1019,69,-12000
1548,37.0,31.0,145.24553349414913,67,292,967,1073,48,-8250
1549,37.0,30.0,174.4414070683907,67,292,221,429,20,3250
1550,37.0,29.0,113.26246200749831,67,292,873,985,62,-11000
1551,37.0,28.0,148.6693364483746,67,292,449,644,20,3750
1552,37.0,27.0,30.98609365505759,67,292,320,400,13,2500
1553,37.0,26.0,66.01401745084145,67,292,99,213,48,7500
1554,37.0,25.0,83.1579954063348,67,292,805,1057,62,-11250
1555,37.0,24.0,69.75492312374804,67,292,1178,1251,41,-6750
1556,37.0,22.0,127.57464716784443,67,292,962,1262,27,-4750
1557,37.0,2.0,77.31660106341975,67,292,1318,1433,20,-3250
1558,38.0,22.0,91.93269277030885,764,965,962,1262,27,-4750
1559,38.0,1.0,69.362298116484,764,965,162,234,13,5000
1560,38.0,24.0,125.5766479087573,764,965,1178,1251,41,-6750
1561,38.0,25.0,89.76218580226308,764,965,805,1057,62,-11250
1562,38.0,26.0,97.6235284140048,764,965,99,213,48,7500
1563,38.0,27.0,44.3389332302887,764,965,320,400,13,2500
1564,38.0,28.0,143.085013191459,764,965,449,644,20,3750
1565,38.0,29.0,149.195886337392,764,965,873,985,62,-11000
1566,38.0,30.0,193.92994740369525,764,965,221,429,20,3250
1567,38.0,31.0,119.25050272430721,764,965,967,1073,48,-8250
1568,38.0,32.0,72.00201733284977,764,965,839,1019,69,-12000
1569,38.0,33.0,122.64900488793212,764,965,438,626,20,3250
1570,38.0,34.0,147.8855557517366,764,965,1125,1269,6,-1250
1571,38.0,35.0,131.22915415409793,764,965,423,642,13,1500
1572,38.0,36.0,85.54002688800139,764,965,968,1144,13,-2000
1573,38.0,37.0,55.833217711323066,764,965,67,292,34,5750
1574,38.0,39.0,63.72746425207894,764,965,353,577,48,8750
1575,38.0,40.1,133.64446116468878,764,965,815,1010,32,-5250
1576,38.0,40.2,133.64446116468878,764,965,815,1010,32,-5250
1577,38.0,23.0,106.90936394909474,764,965,1200,1320,41,-6500
1578,38.0,0.0,67.38408417423211,764,965,0,0,0,0
1579,38.0,21.0,119.43771807934041,764,965,1037,1341,62,-10000
1580,38.0,19.0,119.74102137529981,764,965,735,816,62,-10750
1581,38.0,2.0,68.10396317395927,764,965,1318,1433,20,-3250
1582,38.0,3.0,134.83331672847035,764,965,1055,1136,34,-5500
1583,38.0,4.0,128.57626569472302,764,965,1229,1312,69,-12500
1584,38.0,5.0,61.76258495238036,764,965,596,698,13,1500
1585,38.0,6.0,152.22484192798493,764,965,161,253,20,3250
1586,38.0,7.0,84.9068784021648,764,965,1026,1105,6,-750
1587,38.0,8.0,53.65772358197839,764,965,500,627,62,9500
1588,38.0,9.0,178.61266752389093,764,965,1024,1143,13,-2000
1589,38.0,10.0,132.93295904327113,764,965,1108,1187,13,-2000
1590,38.0,11.0,130.4084123053417,764,965,277,340,20,2500
1591,38.0,12.0,99.57261169618883,764,965,696,809,20,3250
1592,38.0,13.0,35.294284239802906,764,965,1136,1328,34,-3000
1593,38.0,14.0,45.45096808649956,764,965,4,189,27,4500
1594,38.0,15.0,137.06581338904314,764,965,1046,1313,55,-9750
1595,38.0,16.0,148.79754467060266,764,965,94,221,48,7500
1596,38.0,17.0,49.681239920114706,764,965,21,258,27,4000
1597,38.0,18.0,70.3250879843033,764,965,834,973,62,-10250
1598,38.0,20.0,190.2014261250425,764,965,326,485,41,7000
1599,39.0,1.0,75.16678588312793,353,577,162,234,13,5000
1600,39.0,2.0,45.66038217098057,353,577,1318,1433,20,-3250
1601,39.0,0.0,25.005953291166488,353,577,0,0,0,0
1602,39.0,19.0,128.67113623497696,353,577,735,816,62,-10750
1603,39.0,18.0,67.79546076250239,353,577,834,973,62,-10250
1604,39.0,17.0,19.963669502373556,353,577,21,258,27,4000
1605,39.0,16.0,103.37897755346587,353,577,94,221,48,7500
1606,39.0,15.0,79.48416508965795,353,577,1046,1313,55,-9750
1607,39.0,14.0,109.0815914808727,353,577,4,189,27,4500
1608,39.0,13.0,28.436631305413094,353,577,1136,1328,34,-3000
1609,39.0,20.0,135.74701249014652,353,577,326,485,41,7000
1610,39.0,12.0,87.7770909748096,353,577,696,809,20,3250
1611,39.0,10.0,74.06668954395087,353,577,1108,1187,13,-2000
1612,39.0,9.0,123.8864806990658,353,577,1024,1143,13,-2000
1613,39.0,8.0,12.538133832432957,353,577,500,627,62,9500
1614,39.0,7.0,119.7787063713747,353,577,1026,1105,6,-750
1615,39.0,6.0,88.74104574547225,353,577,161,253,20,3250
1616,39.0,5.0,78.12943235426711,353,577,596,698,13,1500
1617,39.0,4.0,144.41988782712718,353,577,1229,1312,69,-12500
1618,39.0,11.0,146.988233882852,353,577,277,340,20,2500
1619,39.0,21.0,140.09246375162368,353,577,1037,1341,62,-10000
1620,39.0,22.0,103.50172414022869,353,577,962,1262,27,-4750
1621,39.0,31.0,114.67561074613904,353,577,967,1073,48,-8250
1622,39.0,40.1,143.47833320749163,353,577,815,1010,32,-5250
1623,39.0,38.0,63.72746425207894,353,577,764,965,55,-8750
1624,39.0,37.0,37.82209539409471,353,577,67,292,34,5750
1625,39.0,36.0,120.20906496599997,353,577,968,1144,13,-2000
1626,39.0,35.0,73.58709805393877,353,577,423,642,13,1500
1627,39.0,34.0,112.01473162044356,353,577,1125,1269,6,-1250
1628,39.0,33.0,85.69735410151237,353,577,438,626,20,3250
1629,39.0,32.0,26.145611486442615,353,577,839,1019,69,-12000
1630,39.0,40.2,143.47833320749163,353,577,815,1010,32,-5250
1631,39.0,30.0,139.13263384267546,353,577,221,429,20,3250
1632,39.0,29.0,85.89193442925826,353,577,873,985,62,-11000
1633,39.0,28.0,111.61474140990516,353,577,449,644,20,3750
1634,39.0,27.0,63.799069742434334,353,577,320,400,13,2500
1635,39.0,26.0,34.42590884784308,353,577,99,213,48,7500
1636,39.0,25.0,45.67349012282727,353,577,805,1057,62,-11250
1637,39.0,24.0,83.94482950128614,353,577,1178,1251,41,-6750
1638,39.0,23.0,43.18410124108177,353,577,1200,1320,41,-6500
1639,39.0,3.0,105.96009154393931,353,577,1055,1136,34,-5500
1640,40.1,2.0,98.28336278333174,815,1010,1318,1433,20,-3250
1641,40.1,3.0,81.54279183349071,815,1010,1055,1136,34,-5500
1642,40.1,40.2,0.0,815,1010,815,1010,32,-5250
1643,40.1,19.0,14.908044808089356,815,1010,735,816,62,-10750
1644,40.1,18.0,75.94400568840176,815,1010,834,973,62,-10250
1645,40.1,17.0,150.43831028032722,815,1010,21,258,27,4000
1646,40.1,16.0,121.02286106351974,815,1010,94,221,48,7500
1647,40.1,15.0,213.87659432485827,815,1010,1046,1313,55,-9750
1648,40.1,14.0,140.86292095509023,815,1010,4,189,27,4500
1649,40.1,13.0,135.1990713725505,815,1010,1136,1328,34,-3000
1650,40.1,20.0,168.30420701812537,815,1010,326,485,41,7000
1651,40.1,12.0,60.637851215226945,815,1010,696,809,20,3250
1652,40.1,10.0,207.15059256492606,815,1010,1108,1187,13,-2000
1653,40.1,9.0,161.8181578192015,815,1010,1024,1143,13,-2000
1654,40.1,8.0,146.44826560939532,815,1010,500,627,62,9500
1655,40.1,7.0,62.328741363836315,815,1010,1026,1105,6,-750
1656,40.1,6.0,187.46767854752989,815,1010,161,253,20,3250
1657,40.1,5.0,73.13448229118738,815,1010,596,698,13,1500
1658,40.1,4.0,13.395495511551637,815,1010,1229,1312,69,-12500
1659,40.1,11.0,14.985059225775528,815,1010,277,340,20,2500
1660,40.1,0.0,120.13829364528198,815,1010,0,0,0,0
1661,40.1,21.0,25.100639434086133,815,1010,1037,1341,62,-10000
1662,40.1,23.0,164.00827692528205,815,1010,1200,1320,41,-6500
1663,40.1,39.0,143.47833320749163,815,1010,353,577,48,8750
1664,40.1,38.0,133.64446116468878,815,1010,764,965,55,-8750
1665,40.1,37.0,169.71667979311877,815,1010,67,292,34,5750
1666,40.1,36.0,61.75161374409579,815,1010,968,1144,13,-2000
1667,40.1,35.0,208.64225674584713,815,1010,423,642,13,1500
1668,40.1,34.0,98.90634155603978,815,1010,1125,1269,6,-1250
1669,40.1,33.0,97.14656350072296,815,1010,438,626,20,3250
1670,40.1,22.0,42.547709691592104,815,1010,962,1262,27,-4750
1671,40.1,32.0,168.9463953447957,815,1010,839,1019,69,-12000
1672,40.1,30.0,171.9426372369576,815,1010,221,429,20,3250
1673,40.1,29.0,183.12402491207976,815,1010,873,985,62,-11000
1674,40.1,28.0,88.19490348087014,815,1010,449,644,20,3750
1675,40.1,27.0,174.89660088177814,815,1010,320,400,13,2500
1676,40.1,26.0,152.8649014653135,815,1010,99,213,48,7500
1677,40.1,25.0,113.00996416245782,815,1010,805,1057,62,-11250
1678,40.1,24.0,227.2911491897562,815,1010,1178,1251,41,-6750
1679,40.1,31.0,36.42893904576415,815,1010,967,1073,48,-8250
1680,40.1,1.0,198.37632923310179,815,1010,162,234,13,5000
1681,40.2,22.0,42.547709691592104,815,1010,962,1262,27,-4750
1682,40.2,40.1,0.0,815,1010,815,1010,32,-5250
1683,40.2,17.0,150.43831028032722,815,1010,21,258,27,4000
1684,40.2,16.0,121.02286106351974,815,1010,94,221,48,7500
1685,40.2,15.0,213.87659432485827,815,1010,1046,1313,55,-9750
1686,40.2,14.0,140.86292095509023,815,1010,4,189,27,4500
1687,40.2,13.0,135.1990713725505,815,1010,1136,1328,34,-3000
1688,40.2,12.0,60.637851215226945,815,1010,696,809,20,3250
1689,40.2,11.0,14.985059225775528,815,1010,277,340,20,2500
1690,40.2,18.0,75.94400568840176,815,1010,834,973,62,-10250
1691,40.2,10.0,207.15059256492606,815,1010,1108,1187,13,-2000
1692,40.2,8.0,146.44826560939532,815,1010,500,627,62,9500
1693,40.2,7.0,62.328741363836315,815,1010,1026,1105,6,-750
1694,40.2,6.0,187.46767854752989,815,1010,161,253,20,3250
1695,40.2,5.0,73.13448229118738,815,1010,596,698,13,1500
1696,40.2,4.0,13.395495511551637,815,1010,1229,1312,69,-12500
1697,40.2,3.0,81.54279183349071,815,1010,1055,1136,34,-5500
1698,40.2,2.0,98.28336278333174,815,1010,1318,1433,20,-3250
1699,40.2,9.0,161.8181578192015,815,1010,1024,1143,13,-2000
1700,40.2,19.0,14.908044808089356,815,1010,735,816,62,-10750
1701,40.2,20.0,168.30420701812537,815,1010,326,485,41,7000
1702,40.2,21.0,25.100639434086133,815,1010,1037,1341,62,-10000
1703,40.2,39.0,143.47833320749163,815,1010,353,577,48,8750
1704,40.2,38.0,133.64446116468878,815,1010,764,965,55,-8750
1705,40.2,37.0,169.71667979311877,815,1010,67,292,34,5750
1706,40.2,36.0,61.75161374409579,815,1010,968,1144,13,-2000
1707,40.2,35.0,208.64225674584713,815,1010,423,642,13,1500
1708,40.2,34.0,98.90634155603978,815,1010,1125,1269,6,-1250
1709,40.2,33.0,97.14656350072296,815,1010,438,626,20,3250
1710,40.2,32.0,168.9463953447957,815,1010,839,1019,69,-12000
1711,40.2,31.0,36.42893904576415,815,1010,967,1073,48,-8250
1712,40.2,30.0,171.9426372369576,815,1010,221,429,20,3250
1713,40.2,29.0,183.12402491207976,815,1010,873,985,62,-11000
1714,40.2,28.0,88.19490348087014,815,1010,449,644,20,3750
1715,40.2,27.0,174.89660088177814,815,1010,320,400,13,2500
1716,40.2,26.0,152.8649014653135,815,1010,99,213,48,7500
1717,40.2,25.0,113.00996416245782,815,1010,805,1057,62,-11250
1718,40.2,24.0,227.2911491897562,815,1010,1178,1251,41,-6750
1719,40.2,23.0,164.00827692528205,815,1010,1200,1320,41,-6500
1720,40.2,0.0,120.13829364528198,815,1010,0,0,0,0
1721,40.2,1.0,198.37632923310179,815,1010,162,234,13,5000
